sha256	bytes	path
24157827ef3b091a079e71f07f1911ad6a5c1107111f79935dbe62f293c2bdf3	1312	receipts/input_authorities.json
a2763975b8cb92ab9774e066aa5db394b547cbf0e4f31ad0ef71b095274c60c6	349	results/a3_final_sample_gate_diagnostic.csv
f62752c34f899a4e8f4a7028079d5410acd722cf4a3bfb5d948c868f6d1424bb	1842	results/a3_time_to_next_game.csv
798bbffa8f5168bbeb789bdc320c322769050e621c51017125ebeb16ca41cb3e	275	results/a3_time_to_next_game_arms.csv
6273bf5480b73233679a97cb46f96ca9e29679707869019583a6b2d549708926	2034	results/exposure_chooser_fe_sensitivity.csv
a9dbcd00072e157e2e1915b63910a4f90cacf9b3817c5c73472940b0bff9c168	5973	results/fine_matchmaking_sensitivities.csv
c1e64b352207841eca9a08468dac210c7dbb374e0a9fa7b28286519430757493	372	results/fine_matchmaking_support.csv
ba834734fbe9107e7a34f20792d62498a96b3730c87070bfcc76abc4d901d9cb	12217	results/pretrend_placebos.csv
0a4d3718446a987a6d8fb29fb1054a1a700255d39d17377d1a7dc0250bef8b09	41282	summary.json
