sha256,bytes,file
e48ca5771ba14f5eb353c897fe88e02f425ae32ab0f30169ccce2cd5a678068a,851,c9_b1_stage07_mapping.json
f95c421d9316e31567a1c01328f06b618b6194ac21206f8e573e74d874ffb129,673,c9_b1_stage07_mapping_attempts.json
0e54794af831481ede72acacf8745d008074434399c6e7673b86e5b1655f3472,242,c9_checkpoint_recovery_inventory.json
d7e9661aa55aba7eabc151099401afa37a6641994f421c44f75319701cc49074,1717,c9_exact_b2_reproduction.json
eac225520b28503c0de713747f1082381b337e03ec5d83d638678a15a776fe8a,1325,c9_partition_components.csv
7df3f2413925083f1f74a78dcfc04864d9a355548ddc09b210c19298375ed752,809,c9_primary_later_session.json
7c3cc8b17f8df99cdd6c8b9f32a5c6016c7db6a68b4b3e866035a81b5e4ec75d,723,c9_secondary_contrasts.csv
087d972ecf9dcf750312473a2a780ba7652d88c0494bee0635af978594440daa,928,c9_session_mapping.json
ada56d140a6e6232fc9339a7da6b607218e54c944005489ad00980a2170b4e0e,661,c9_support_frozen.json
9696925b13a4b9d2c502eda64e21c96506ecd6b76162038ecc2fae312645f6e9,40581,historical_b2_producer.py
78d574dd103d68afc7d052fd038e122602d494348d492458d798b59b0e7978f6,13732,summary.json
