model,epistemic_label,analysis_role,status,term,coefficient_probability_units,coefficient_percentage_points,standard_error_probability_units,standard_error_percentage_points,t_cluster,p_value_two_sided,rows_raw,rows_identifying,chooser_clusters,outcome_mean,price_mean,elasticity_estimate,elasticity_se,elasticity_ci95_low,elasticity_ci95_high,causal_claim
V_certified_stage08_full24_piecewise_reproduction,V,validation,ESTIMATED,price,0.0001533126561233675,0.015331265612336751,6.028314853512208e-06,0.0006028314853512209,25.43209169541712,1.1141545414212056e-142,17328130,16444544,1801942,0.028114401265456803,9.977606383043597,0.0544096003288308,0.0021394072096175814,0.05021643924971501,0.05860276140794659,False
V_certified_stage08_full24_piecewise_reproduction,V,validation,ESTIMATED,positive_draw_payoff,1.5756302027801765e-06,0.00015756302027801765,1.272112652058477e-05,0.0012721126520584768,0.12385932961444576,0.9014266551804361,17328130,16444544,1801942,0.028114401265456803,9.977606383043597,,,,,False
V_certified_stage08_full24_piecewise_reproduction,V,validation,ESTIMATED,negative_draw_payoff,-6.719576971106654e-05,-0.006719576971106654,1.122013116317143e-05,0.001122013116317143,-5.988857771255617,2.113198561164394e-09,17328130,16444544,1801942,0.028114401265456803,9.977606383043597,,,,,False
V_certified_stage08_full24_piecewise_reproduction,V,validation,ESTIMATED,draw_nonnegative,0.004394773075717502,0.4394773075717502,7.457004125518975e-05,0.007457004125518975,58.934834978539655,0.0,17328130,16444544,1801942,0.028114401265456803,9.977606383043597,,,,,False
X_current_temporal_first_half_piecewise_price_bridge,X,historical_cross_window_bridge,ESTIMATED,positive_draw_payoff,4.6697883142167256e-05,0.004669788314216726,1.8554075857998413e-05,0.0018554075857998413,2.5168530892923147,0.01184081900966227,8575710,7977997,1147212,0.028031148441353543,9.764320475394175,,,,,False
X_current_temporal_first_half_piecewise_price_bridge,X,historical_cross_window_bridge,ESTIMATED,negative_draw_payoff,-9.429573301971065e-05,-0.009429573301971065,1.6683240202054457e-05,0.0016683240202054457,-5.652123441110595,1.5847770852417506e-08,8575710,7977997,1147212,0.028031148441353543,9.764320475394175,,,,,False
X_current_temporal_first_half_piecewise_price_bridge,X,historical_cross_window_bridge,ESTIMATED,price,0.00013795596286806332,0.013795596286806332,9.055826617200957e-06,0.0009055826617200956,15.233944806984809,2.1049813691626156e-52,8575710,7977997,1147212,0.028031148441353543,9.764320475394175,0.048055335148098705,0.003154490564129207,0.041872647252834024,0.054238023043363386,False
X_lpm_level_price_chooser_fe_piecewise_reference,X,exploratory_main_or_sensitivity,ESTIMATED,price,0.0001533126561233675,0.015331265612336751,6.028314853512208e-06,0.0006028314853512209,25.43209169541712,1.1141545414212056e-142,17328130,16444544,1801942,0.028114401265456803,9.977606383043597,0.0544096003288308,0.0021394072096175814,0.05021643924971501,0.05860276140794659,False
X_lpm_level_price_chooser_fe_piecewise_reference,X,exploratory_main_or_sensitivity,ESTIMATED,positive_draw_payoff,1.5756302027801765e-06,0.00015756302027801765,1.272112652058477e-05,0.0012721126520584768,0.12385932961444576,0.9014266551804361,17328130,16444544,1801942,0.028114401265456803,9.977606383043597,,,,,False
X_lpm_level_price_chooser_fe_piecewise_reference,X,exploratory_main_or_sensitivity,ESTIMATED,negative_draw_payoff,-6.719576971106654e-05,-0.006719576971106654,1.122013116317143e-05,0.001122013116317143,-5.988857771255617,2.113198561164394e-09,17328130,16444544,1801942,0.028114401265456803,9.977606383043597,,,,,False
X_lpm_level_price_chooser_fe_piecewise_reference,X,exploratory_main_or_sensitivity,ESTIMATED,draw_nonnegative,0.004394773075717502,0.4394773075717502,7.457004125518975e-05,0.007457004125518975,58.934834978539655,0.0,17328130,16444544,1801942,0.028114401265456803,9.977606383043597,,,,,False
X_lpm_log_price_chooser_fe_no_reference,X,exploratory_main_or_sensitivity,ESTIMATED,log_price,0.006674679613568723,0.6674679613568723,0.00015332459944033283,0.015332459944033284,43.532998866018325,0.0,17328130,16444544,1801942,0.028114401265456803,9.977606383043597,0.2374114088557764,0.00545359646796809,0.2267225561923441,0.24810026151920872,False
X_lpm_log_price_chooser_fe_piecewise_reference,X,exploratory_main_or_sensitivity,ESTIMATED,log_price,0.006449392781705437,0.6449392781705438,0.00015608638516535702,0.0156086385165357,41.3193807702894,0.0,17328130,16444544,1801942,0.028114401265456803,9.977606383043597,0.22939819065716985,0.005551830312571337,0.21851680319625227,0.24027957811808742,False
X_lpm_log_price_chooser_fe_piecewise_reference,X,exploratory_main_or_sensitivity,ESTIMATED,positive_draw_payoff,7.387377004629786e-05,0.007387377004629786,1.0743797549069163e-05,0.0010743797549069164,6.87594583841523,6.157989513115715e-12,17328130,16444544,1801942,0.028114401265456803,9.977606383043597,,,,,False
X_lpm_log_price_chooser_fe_piecewise_reference,X,exploratory_main_or_sensitivity,ESTIMATED,negative_draw_payoff,9.398655214685927e-06,0.0009398655214685927,9.309037010316e-06,0.0009309037010316,1.0096270112870551,0.31267402341359635,17328130,16444544,1801942,0.028114401265456803,9.977606383043597,,,,,False
X_lpm_log_price_chooser_fe_piecewise_reference,X,exploratory_main_or_sensitivity,ESTIMATED,draw_nonnegative,0.004413142662884281,0.4413142662884281,7.454485123660044e-05,0.007454485123660043,59.20117338321943,0.0,17328130,16444544,1801942,0.028114401265456803,9.977606383043597,,,,,False
X_lpm_log_price_chooser_fe_cubic_reference,X,exploratory_main_or_sensitivity,ESTIMATED,log_price,0.006738189409977153,0.6738189409977153,0.00015391550975727236,0.015391550975727235,43.7784952315943,0.0,17328130,16444544,1801942,0.028114401265456803,9.977606383043597,0.2396703862321313,0.0054746145330999115,0.2289403389180159,0.2504004335462467,False
X_lpm_log_price_chooser_fe_cubic_reference,X,exploratory_main_or_sensitivity,ESTIMATED,draw_z,0.0006100902261790911,0.06100902261790911,0.00010477705846456385,0.010477705846456386,5.822746268310508,5.788840752942595e-09,17328130,16444544,1801942,0.028114401265456803,9.977606383043597,,,,,False
X_lpm_log_price_chooser_fe_cubic_reference,X,exploratory_main_or_sensitivity,ESTIMATED,draw_z2,1.4275453631449864e-06,0.00014275453631449865,2.446946506916397e-06,0.00024469465069163973,0.5833986804002333,0.5596249459561122,17328130,16444544,1801942,0.028114401265456803,9.977606383043597,,,,,False
X_lpm_log_price_chooser_fe_cubic_reference,X,exploratory_main_or_sensitivity,ESTIMATED,draw_z3,-2.556587861850774e-07,-2.556587861850774e-05,6.521541212321259e-08,6.521541212321259e-06,-3.9202203568392218,8.846803897252645e-05,17328130,16444544,1801942,0.028114401265456803,9.977606383043597,,,,,False
X_lpm_log_price_chooser_fe_cubic_reference,X,exploratory_main_or_sensitivity,ESTIMATED,draw_nonnegative,0.0043695377964040535,0.4369537796404054,7.528457992565904e-05,0.007528457992565904,58.04027598638159,0.0,17328130,16444544,1801942,0.028114401265456803,9.977606383043597,,,,,False
X_lpm_log_price_chooser_fe_draw20_fe,X,exploratory_main_or_sensitivity,ESTIMATED,log_price,0.006072441376803168,0.6072441376803168,0.00016274782634045546,0.016274782634045547,37.31196608488095,1.0498415678070013e-304,17328130,16444544,1801942,0.028114401265456803,9.977606383043597,0.21599042140243505,0.00578877084394531,0.2046446390335467,0.22733620377132338,False
X_lpm_log_price_chooser_fe_draw50_fe,X,exploratory_main_or_sensitivity,ESTIMATED,log_price,0.005655806096046256,0.5655806096046256,0.00017097234050004765,0.017097234050004764,33.08024022777345,5.718098523895345e-240,17328130,16444544,1801942,0.028114401265456803,9.977606383043597,0.20117113797459207,0.0060813082550015204,0.18925199281590296,0.21309028313328118,False
X_primary_lpm_log_price_chooser_fe_draw50_fe_adjusted,X,exploratory_main_or_sensitivity,ESTIMATED,log_price,0.004414748461711688,0.4414748461711688,0.0003126081476538782,0.03126081476538782,14.12230773524088,2.767769031818194e-45,17328130,16444550,1801945,0.028114401265456803,9.977606383043597,0.1570280092407992,0.01111914654351786,0.13523488247668117,0.17882113600491725,False
X_primary_lpm_log_price_chooser_fe_draw50_fe_adjusted,X,exploratory_main_or_sensitivity,ESTIMATED,z_engine_eval_cp,0.03346277612988308,3.3462776129883083,0.00028555402938603146,0.028555402938603147,117.18544543682769,0.0,17328130,16444550,1801945,0.028114401265456803,9.977606383043597,,,,,False
X_primary_lpm_log_price_chooser_fe_draw50_fe_adjusted,X,exploratory_main_or_sensitivity,ESTIMATED,z_chooser_rd,-0.0004939121926939771,-0.04939121926939771,0.00019677391380921061,0.01967739138092106,-2.5100491377778247,0.012071436276185255,17328130,16444550,1801945,0.028114401265456803,9.977606383043597,,,,,False
X_primary_lpm_log_price_chooser_fe_draw50_fe_adjusted,X,exploratory_main_or_sensitivity,ESTIMATED,z_opponent_rd,0.00027740509007641274,0.027740509007641273,4.693839884803668e-05,0.004693839884803668,5.909981952612257,3.421452143448909e-09,17328130,16444550,1801945,0.028114401265456803,9.977606383043597,,,,,False
X_primary_lpm_log_price_chooser_fe_draw50_fe_adjusted,X,exploratory_main_or_sensitivity,ESTIMATED,z_log_chooser_clock,-0.005262236835469231,-0.5262236835469231,0.00010414628643710013,0.010414628643710013,-50.52735930865279,0.0,17328130,16444550,1801945,0.028114401265456803,9.977606383043597,,,,,False
X_primary_lpm_log_price_chooser_fe_draw50_fe_adjusted,X,exploratory_main_or_sensitivity,ESTIMATED,z_log_opponent_clock,0.011846654668422074,1.1846654668422074,0.00011515460750059459,0.011515460750059459,102.87608047607566,0.0,17328130,16444550,1801945,0.028114401265456803,9.977606383043597,,,,,False
X_primary_lpm_log_price_chooser_fe_draw50_fe_adjusted,X,exploratory_main_or_sensitivity,ESTIMATED,log_opponent_clock_missing,0.0078247077926846,0.7824707792684601,0.008275884204983602,0.8275884204983602,0.9454829960009216,0.3444123478536164,17328130,16444550,1801945,0.028114401265456803,9.977606383043597,,,,,False
X_primary_lpm_log_price_chooser_fe_draw50_fe_adjusted,X,exploratory_main_or_sensitivity,ESTIMATED,engine_eval_z2,-0.004018527786786841,-0.4018527786786841,3.706810118981533e-05,0.0037068101189815326,-108.40932386067172,0.0,17328130,16444550,1801945,0.028114401265456803,9.977606383043597,,,,,False
X_primary_lpm_log_price_chooser_fe_draw50_fe_adjusted,X,exploratory_main_or_sensitivity,ESTIMATED,tournament,-0.017149742876703126,-1.7149742876703127,0.00033990404146639215,0.033990404146639216,-50.4546600938218,0.0,17328130,16444550,1801945,0.028114401265456803,9.977606383043597,,,,,False
X_primary_lpm_log_price_chooser_fe_draw50_fe_adjusted,X,exploratory_main_or_sensitivity,ESTIMATED,month_trend_z,-0.0008366967657392919,-0.0836696765739292,5.336906838859214e-05,0.0053369068388592145,-15.67755988632058,2.1537023368251316e-55,17328130,16444550,1801945,0.028114401265456803,9.977606383043597,,,,,False
X_primary_lpm_log_price_chooser_fe_draw50_fe_adjusted,X,exploratory_main_or_sensitivity,ESTIMATED,month_trend_z2,-0.00024395300836119483,-0.024395300836119484,5.03528981326044e-05,0.00503528981326044,-4.844865288960019,1.266976128264448e-06,17328130,16444550,1801945,0.028114401265456803,9.977606383043597,,,,,False
X_primary_lpm_log_price_chooser_fe_draw50_fe_adjusted,X,exploratory_main_or_sensitivity,ESTIMATED,speed_1,-0.031811293344433444,-3.1811293344433444,0.012352894584225074,1.2352894584225074,-2.575209650461778,0.010017934356554344,17328130,16444550,1801945,0.028114401265456803,9.977606383043597,,,,,False
X_primary_lpm_log_price_chooser_fe_draw50_fe_adjusted,X,exploratory_main_or_sensitivity,ESTIMATED,speed_2,-0.038720493627493635,-3.8720493627493635,0.012357642123406067,1.2357642123406067,-3.1333237555208733,0.0017283868221502343,17328130,16444550,1801945,0.028114401265456803,9.977606383043597,,,,,False
X_primary_lpm_log_price_chooser_fe_draw50_fe_adjusted,X,exploratory_main_or_sensitivity,ESTIMATED,speed_3,-0.04616195270693835,-4.616195270693835,0.012361398694633664,1.2361398694633663,-3.7343632259817165,0.00018819072940307442,17328130,16444550,1801945,0.028114401265456803,9.977606383043597,,,,,False
X_primary_lpm_log_price_chooser_fe_draw50_fe_adjusted,X,exploratory_main_or_sensitivity,ESTIMATED,speed_4,-0.054307240189107375,-5.4307240189107375,0.01238448133836658,1.238448133836658,-4.385104123889785,1.1593031137410654e-05,17328130,16444550,1801945,0.028114401265456803,9.977606383043597,,,,,False
X_lpm_level_price_chooser_fe_draw50_fe_adjusted,X,exploratory_main_or_sensitivity,ESTIMATED,price,-5.6308253082227196e-05,-0.00563082530822272,1.2715480150872423e-05,0.0012715480150872424,-4.4283229900967465,9.496861218139836e-06,17328130,16444550,1801945,0.028114401265456803,9.977606383043597,-0.01998340921674029,0.004512635880767972,-0.0288280130183887,-0.01113880541509188,False
X_lpm_level_price_chooser_fe_draw50_fe_adjusted,X,exploratory_main_or_sensitivity,ESTIMATED,z_engine_eval_cp,0.033478964728939804,3.3478964728939804,0.0002855766268758418,0.02855766268758418,117.23286003898079,0.0,17328130,16444550,1801945,0.028114401265456803,9.977606383043597,,,,,False
X_lpm_level_price_chooser_fe_draw50_fe_adjusted,X,exploratory_main_or_sensitivity,ESTIMATED,z_chooser_rd,0.0027989002919371867,0.2798900291937187,0.0002810856631109611,0.02810856631109611,9.957463717501293,2.3395495612659227e-23,17328130,16444550,1801945,0.028114401265456803,9.977606383043597,,,,,False
X_lpm_level_price_chooser_fe_draw50_fe_adjusted,X,exploratory_main_or_sensitivity,ESTIMATED,z_opponent_rd,-4.6088626921380325e-05,-0.004608862692138033,4.1701804802213045e-05,0.0041701804802213045,-1.1051950182965338,0.26907509502300925,17328130,16444550,1801945,0.028114401265456803,9.977606383043597,,,,,False
X_lpm_level_price_chooser_fe_draw50_fe_adjusted,X,exploratory_main_or_sensitivity,ESTIMATED,z_log_chooser_clock,-0.005260094133422994,-0.5260094133422993,0.00010414688382384462,0.010414688382384463,-50.5064956366816,0.0,17328130,16444550,1801945,0.028114401265456803,9.977606383043597,,,,,False
X_lpm_level_price_chooser_fe_draw50_fe_adjusted,X,exploratory_main_or_sensitivity,ESTIMATED,z_log_opponent_clock,0.011866294263069097,1.1866294263069097,0.00011517104390952604,0.011517104390952604,103.03192417349975,0.0,17328130,16444550,1801945,0.028114401265456803,9.977606383043597,,,,,False
X_lpm_level_price_chooser_fe_draw50_fe_adjusted,X,exploratory_main_or_sensitivity,ESTIMATED,log_opponent_clock_missing,0.007675841279744189,0.7675841279744189,0.008275273801799748,0.8275273801799747,0.9275634212942668,0.35363407934071234,17328130,16444550,1801945,0.028114401265456803,9.977606383043597,,,,,False
X_lpm_level_price_chooser_fe_draw50_fe_adjusted,X,exploratory_main_or_sensitivity,ESTIMATED,engine_eval_z2,-0.00402055828890892,-0.402055828890892,3.7071081961007376e-05,0.0037071081961007374,-108.45538021085761,0.0,17328130,16444550,1801945,0.028114401265456803,9.977606383043597,,,,,False
X_lpm_level_price_chooser_fe_draw50_fe_adjusted,X,exploratory_main_or_sensitivity,ESTIMATED,tournament,-0.017582530633396324,-1.7582530633396325,0.00033897888644759825,0.03389788864475982,-51.86910257938545,0.0,17328130,16444550,1801945,0.028114401265456803,9.977606383043597,,,,,False
X_lpm_level_price_chooser_fe_draw50_fe_adjusted,X,exploratory_main_or_sensitivity,ESTIMATED,month_trend_z,-0.0008356927039374757,-0.08356927039374756,5.337497411858403e-05,0.0053374974118584025,-15.657013754813331,2.9754385603453103e-55,17328130,16444550,1801945,0.028114401265456803,9.977606383043597,,,,,False
X_lpm_level_price_chooser_fe_draw50_fe_adjusted,X,exploratory_main_or_sensitivity,ESTIMATED,month_trend_z2,-0.0002522145458399999,-0.025221454583999988,5.0351561596277924e-05,0.005035156159627793,-5.009070977028924,5.469340167806582e-07,17328130,16444550,1801945,0.028114401265456803,9.977606383043597,,,,,False
X_lpm_level_price_chooser_fe_draw50_fe_adjusted,X,exploratory_main_or_sensitivity,ESTIMATED,speed_1,-0.03172229268612625,-3.172229268612625,0.012356824740562935,1.2356824740562935,-2.5671880399819518,0.010252699688759971,17328130,16444550,1801945,0.028114401265456803,9.977606383043597,,,,,False
X_lpm_level_price_chooser_fe_draw50_fe_adjusted,X,exploratory_main_or_sensitivity,ESTIMATED,speed_2,-0.03858161394661774,-3.8581613946617743,0.012361577413918532,1.2361577413918532,-3.1210914800547003,0.0018018205183799095,17328130,16444550,1801945,0.028114401265456803,9.977606383043597,,,,,False
X_lpm_level_price_chooser_fe_draw50_fe_adjusted,X,exploratory_main_or_sensitivity,ESTIMATED,speed_3,-0.04586547134765073,-4.586547134765073,0.012365350102605272,1.2365350102605273,-3.70919310549786,0.0002079208094844578,17328130,16444550,1801945,0.028114401265456803,9.977606383043597,,,,,False
X_lpm_level_price_chooser_fe_draw50_fe_adjusted,X,exploratory_main_or_sensitivity,ESTIMATED,speed_4,-0.05373850400150504,-5.373850400150504,0.012388419533603433,1.2388419533603434,-4.337801432679933,1.4391508375454264e-05,17328130,16444550,1801945,0.028114401265456803,9.977606383043597,,,,,False
X_lpm_log_price_trim_p01_p99_draw50_fe_adjusted,X,exploratory_main_or_sensitivity,ESTIMATED,log_price,0.008795838562337377,0.8795838562337377,0.0006094083936714285,0.060940839367142854,14.433405666348241,3.18935642358662e-47,16981566,16168673,1775307,0.02786321355757178,8.177366967441237,0.31567925731765145,0.02187143246819866,0.27281203738968207,0.35854647724562083,False
X_lpm_log_price_trim_p01_p99_draw50_fe_adjusted,X,exploratory_main_or_sensitivity,ESTIMATED,z_engine_eval_cp,0.033356932250905205,3.3356932250905205,0.00028618821718602133,0.028618821718602132,116.55592455514449,0.0,16981566,16168673,1775307,0.02786321355757178,8.177366967441237,,,,,False
X_lpm_log_price_trim_p01_p99_draw50_fe_adjusted,X,exploratory_main_or_sensitivity,ESTIMATED,z_chooser_rd,-0.002704229028589345,-0.2704229028589345,0.000304054933130904,0.0304054933130904,-8.893883091267263,5.900977781575495e-19,16981566,16168673,1775307,0.02786321355757178,8.177366967441237,,,,,False
X_lpm_log_price_trim_p01_p99_draw50_fe_adjusted,X,exploratory_main_or_sensitivity,ESTIMATED,z_opponent_rd,0.0005225930738370307,0.05225930738370307,5.489295379638298e-05,0.005489295379638298,9.520221407204826,1.7281048056968787e-21,16981566,16168673,1775307,0.02786321355757178,8.177366967441237,,,,,False
X_lpm_log_price_trim_p01_p99_draw50_fe_adjusted,X,exploratory_main_or_sensitivity,ESTIMATED,z_log_chooser_clock,-0.005181306106679527,-0.5181306106679527,0.00010361971003982202,0.010361971003982203,-50.003094051202254,0.0,16981566,16168673,1775307,0.02786321355757178,8.177366967441237,,,,,False
X_lpm_log_price_trim_p01_p99_draw50_fe_adjusted,X,exploratory_main_or_sensitivity,ESTIMATED,z_log_opponent_clock,0.011692042712065667,1.1692042712065667,0.000114349243085374,0.0114349243085374,102.24853612136549,0.0,16981566,16168673,1775307,0.02786321355757178,8.177366967441237,,,,,False
X_lpm_log_price_trim_p01_p99_draw50_fe_adjusted,X,exploratory_main_or_sensitivity,ESTIMATED,log_opponent_clock_missing,0.008748192805101234,0.8748192805101234,0.008283988632774774,0.8283988632774775,1.0560363120839982,0.29095162532794133,16981566,16168673,1775307,0.02786321355757178,8.177366967441237,,,,,False
X_lpm_log_price_trim_p01_p99_draw50_fe_adjusted,X,exploratory_main_or_sensitivity,ESTIMATED,engine_eval_z2,-0.003995319433036303,-0.3995319433036303,3.705715188633715e-05,0.0037057151886337146,-107.81507022695298,0.0,16981566,16168673,1775307,0.02786321355757178,8.177366967441237,,,,,False
X_lpm_log_price_trim_p01_p99_draw50_fe_adjusted,X,exploratory_main_or_sensitivity,ESTIMATED,tournament,-0.017446820401417172,-1.7446820401417171,0.0003416276598731348,0.03416276598731348,-51.069695023804975,0.0,16981566,16168673,1775307,0.02786321355757178,8.177366967441237,,,,,False
X_lpm_log_price_trim_p01_p99_draw50_fe_adjusted,X,exploratory_main_or_sensitivity,ESTIMATED,month_trend_z,-0.0008365073470974392,-0.08365073470974392,5.337895151165223e-05,0.005337895151165223,-15.671108618812715,2.3838480241030407e-55,16981566,16168673,1775307,0.02786321355757178,8.177366967441237,,,,,False
X_lpm_log_price_trim_p01_p99_draw50_fe_adjusted,X,exploratory_main_or_sensitivity,ESTIMATED,month_trend_z2,-0.00025203803565055326,-0.025203803565055326,5.05061298174936e-05,0.00505061298174936,-4.990246462385955,6.030230226645147e-07,16981566,16168673,1775307,0.02786321355757178,8.177366967441237,,,,,False
X_lpm_log_price_trim_p01_p99_draw50_fe_adjusted,X,exploratory_main_or_sensitivity,ESTIMATED,speed_1,-0.03291222981403319,-3.291222981403319,0.014433804045871485,1.4433804045871486,-2.280218694215064,0.022594721138070668,16981566,16168673,1775307,0.02786321355757178,8.177366967441237,,,,,False
X_lpm_log_price_trim_p01_p99_draw50_fe_adjusted,X,exploratory_main_or_sensitivity,ESTIMATED,speed_2,-0.039863662693164326,-3.9863662693164326,0.014438380090691288,1.443838009069129,-2.760951190006781,0.005763328908501254,16981566,16168673,1775307,0.02786321355757178,8.177366967441237,,,,,False
X_lpm_log_price_trim_p01_p99_draw50_fe_adjusted,X,exploratory_main_or_sensitivity,ESTIMATED,speed_3,-0.04737541878197993,-4.737541878197993,0.014441823062218086,1.4441823062218087,-3.2804320187193627,0.0010364823998774745,16981566,16168673,1775307,0.02786321355757178,8.177366967441237,,,,,False
X_lpm_log_price_trim_p01_p99_draw50_fe_adjusted,X,exploratory_main_or_sensitivity,ESTIMATED,speed_4,-0.05619667848065113,-5.619667848065113,0.014465032415116702,1.4465032415116703,-3.8850019044494304,0.00010232908622938709,16981566,16168673,1775307,0.02786321355757178,8.177366967441237,,,,,False
X_lpm_log_price_winsor_p01_p99_draw50_fe_adjusted,X,exploratory_main_or_sensitivity,ESTIMATED,log_price,0.003590886113197062,0.3590886113197062,0.0002834191417806604,0.028341914178066037,12.669878578547346,8.684872456083519e-37,17328130,16444550,1801945,0.028114401265456803,9.977606383043597,0.12772408273225652,0.010080923975745048,0.1079658348089099,0.14748233065560315,False
X_lpm_log_price_winsor_p01_p99_draw50_fe_adjusted,X,exploratory_main_or_sensitivity,ESTIMATED,z_engine_eval_cp,0.03346159604232175,3.3461596042321755,0.0002855547226149058,0.028555472261490578,117.18102833637072,0.0,17328130,16444550,1801945,0.028114401265456803,9.977606383043597,,,,,False
X_lpm_log_price_winsor_p01_p99_draw50_fe_adjusted,X,exploratory_main_or_sensitivity,ESTIMATED,z_chooser_rd,0.0001069761317943748,0.01069761317943748,0.00017326021594281455,0.017326021594281454,0.6174304424835926,0.5369508475880527,17328130,16444550,1801945,0.028114401265456803,9.977606383043597,,,,,False
X_lpm_log_price_winsor_p01_p99_draw50_fe_adjusted,X,exploratory_main_or_sensitivity,ESTIMATED,z_opponent_rd,0.0001490540401399653,0.01490540401399653,4.351965207404104e-05,0.004351965207404104,3.424982347891386,0.0006148393669435877,17328130,16444550,1801945,0.028114401265456803,9.977606383043597,,,,,False
X_lpm_log_price_winsor_p01_p99_draw50_fe_adjusted,X,exploratory_main_or_sensitivity,ESTIMATED,z_log_chooser_clock,-0.005261029824496942,-0.5261029824496941,0.00010414587684674543,0.010414587684674542,-50.51596840687937,0.0,17328130,16444550,1801945,0.028114401265456803,9.977606383043597,,,,,False
X_lpm_log_price_winsor_p01_p99_draw50_fe_adjusted,X,exploratory_main_or_sensitivity,ESTIMATED,z_log_opponent_clock,0.011849107001865467,1.1849107001865467,0.0001151578333756285,0.011515783337562849,102.89449405682515,0.0,17328130,16444550,1801945,0.028114401265456803,9.977606383043597,,,,,False
X_lpm_log_price_winsor_p01_p99_draw50_fe_adjusted,X,exploratory_main_or_sensitivity,ESTIMATED,log_opponent_clock_missing,0.007818917905864647,0.7818917905864647,0.008275511449954474,0.8275511449954474,0.9448259425594367,0.3447477450589092,17328130,16444550,1801945,0.028114401265456803,9.977606383043597,,,,,False
X_lpm_log_price_winsor_p01_p99_draw50_fe_adjusted,X,exploratory_main_or_sensitivity,ESTIMATED,engine_eval_z2,-0.004018396117744579,-0.4018396117744579,3.7068207578778905e-05,0.0037068207578778906,-108.40546064183211,0.0,17328130,16444550,1801945,0.028114401265456803,9.977606383043597,,,,,False
X_lpm_log_price_winsor_p01_p99_draw50_fe_adjusted,X,exploratory_main_or_sensitivity,ESTIMATED,tournament,-0.017187407853492292,-1.7187407853492291,0.0003400631513967575,0.034006315139675745,-50.54181196315343,0.0,17328130,16444550,1801945,0.028114401265456803,9.977606383043597,,,,,False
X_lpm_log_price_winsor_p01_p99_draw50_fe_adjusted,X,exploratory_main_or_sensitivity,ESTIMATED,month_trend_z,-0.0008360356592711695,-0.08360356592711696,5.337052728887631e-05,0.005337052728887631,-15.664744227577067,2.6348750818658923e-55,17328130,16444550,1801945,0.028114401265456803,9.977606383043597,,,,,False
X_lpm_log_price_winsor_p01_p99_draw50_fe_adjusted,X,exploratory_main_or_sensitivity,ESTIMATED,month_trend_z2,-0.0002451193738022375,-0.02451193738022375,5.03530239602044e-05,0.005035302396020441,-4.868016943648969,1.1272366757341312e-06,17328130,16444550,1801945,0.028114401265456803,9.977606383043597,,,,,False
X_lpm_log_price_winsor_p01_p99_draw50_fe_adjusted,X,exploratory_main_or_sensitivity,ESTIMATED,speed_1,-0.03184144185089455,-3.1841441850894547,0.012354165534544864,1.2354165534544863,-2.57738507403508,0.009955097965533502,17328130,16444550,1801945,0.028114401265456803,9.977606383043597,,,,,False
X_lpm_log_price_winsor_p01_p99_draw50_fe_adjusted,X,exploratory_main_or_sensitivity,ESTIMATED,speed_2,-0.03874422241161479,-3.8744222411614793,0.012358913909130933,1.2358913909130933,-3.134921296198207,0.001719002239200858,17328130,16444550,1801945,0.028114401265456803,9.977606383043597,,,,,False
X_lpm_log_price_winsor_p01_p99_draw50_fe_adjusted,X,exploratory_main_or_sensitivity,ESTIMATED,speed_3,-0.046157279029891196,-4.61572790298912,0.012362674615624656,1.2362674615624656,-3.7335997642091936,0.00018876237453063316,17328130,16444550,1801945,0.028114401265456803,9.977606383043597,,,,,False
X_lpm_log_price_winsor_p01_p99_draw50_fe_adjusted,X,exploratory_main_or_sensitivity,ESTIMATED,speed_4,-0.05421007813643586,-5.421007813643586,0.012385752482629353,1.2385752482629353,-4.376809419731572,1.2042918613577837e-05,17328130,16444550,1801945,0.028114401265456803,9.977606383043597,,,,,False
X_pooled_lpm_log_price_piecewise_reference_controls,X,exploratory_between_within_comparison,ESTIMATED,intercept,0.04961712124384121,4.961712124384121,0.011777748236200378,1.1777748236200378,4.212785011937749,2.5224112593207575e-05,17328130,17328130,2685525,0.028114401265456803,9.977606383043597,,,,,False
X_pooled_lpm_log_price_piecewise_reference_controls,X,exploratory_between_within_comparison,ESTIMATED,log_price,0.017223673690365482,1.7223673690365482,0.00026713669565715104,0.026713669565715102,64.47513190951015,0.0,17328130,17328130,2685525,0.028114401265456803,9.977606383043597,0.6126281519474369,0.009501774309004144,0.5940050165125609,0.631251287382313,False
X_pooled_lpm_log_price_piecewise_reference_controls,X,exploratory_between_within_comparison,ESTIMATED,positive_draw_payoff,4.6297125996058903e-05,0.00462971259960589,1.3429236855810447e-05,0.0013429236855810446,3.447487485190006,0.0005658266204965465,17328130,17328130,2685525,0.028114401265456803,9.977606383043597,,,,,False
X_pooled_lpm_log_price_piecewise_reference_controls,X,exploratory_between_within_comparison,ESTIMATED,negative_draw_payoff,-1.1051099024760383e-05,-0.0011051099024760383,8.833458202713845e-06,0.0008833458202713846,-1.2510501290836726,0.21091618883583568,17328130,17328130,2685525,0.028114401265456803,9.977606383043597,,,,,False
X_pooled_lpm_log_price_piecewise_reference_controls,X,exploratory_between_within_comparison,ESTIMATED,draw_nonnegative,0.004907017405483584,0.49070174054835836,8.712466944345e-05,0.008712466944345,56.321790795069596,0.0,17328130,17328130,2685525,0.028114401265456803,9.977606383043597,,,,,False
X_pooled_lpm_log_price_piecewise_reference_controls,X,exploratory_between_within_comparison,ESTIMATED,z_engine_eval_cp,0.027469054676830806,2.7469054676830806,0.00033342847623259,0.033342847623259,82.38364937273441,0.0,17328130,17328130,2685525,0.028114401265456803,9.977606383043597,,,,,False
X_pooled_lpm_log_price_piecewise_reference_controls,X,exploratory_between_within_comparison,ESTIMATED,z_chooser_rd,-0.003995168588180831,-0.3995168588180831,0.00015767452334905174,0.015767452334905174,-25.338073033755315,1.2163742775867994e-141,17328130,17328130,2685525,0.028114401265456803,9.977606383043597,,,,,False
X_pooled_lpm_log_price_piecewise_reference_controls,X,exploratory_between_within_comparison,ESTIMATED,z_opponent_rd,0.0014989849962444846,0.14989849962444846,5.7257838651668284e-05,0.005725783865166829,26.179559542295255,4.542402494944814e-151,17328130,17328130,2685525,0.028114401265456803,9.977606383043597,,,,,False
X_pooled_lpm_log_price_piecewise_reference_controls,X,exploratory_between_within_comparison,ESTIMATED,z_log_chooser_clock,-0.009052584896549594,-0.9052584896549594,0.0001247893688635451,0.01247893688635451,-72.54291754971875,0.0,17328130,17328130,2685525,0.028114401265456803,9.977606383043597,,,,,False
X_pooled_lpm_log_price_piecewise_reference_controls,X,exploratory_between_within_comparison,ESTIMATED,z_log_opponent_clock,0.017046891301726375,1.7046891301726375,0.00015301308194004757,0.015301308194004756,111.40806449742355,0.0,17328130,17328130,2685525,0.028114401265456803,9.977606383043597,,,,,False
X_pooled_lpm_log_price_piecewise_reference_controls,X,exploratory_between_within_comparison,ESTIMATED,log_opponent_clock_missing,0.0028698142297093575,0.28698142297093576,0.007669280298134265,0.7669280298134266,0.3741960285905195,0.7082584784605608,17328130,17328130,2685525,0.028114401265456803,9.977606383043597,,,,,False
X_pooled_lpm_log_price_piecewise_reference_controls,X,exploratory_between_within_comparison,ESTIMATED,engine_eval_z2,-0.0032874791994736002,-0.32874791994736,4.3164843255796166e-05,0.004316484325579617,-76.16103642475659,0.0,17328130,17328130,2685525,0.028114401265456803,9.977606383043597,,,,,False
X_pooled_lpm_log_price_piecewise_reference_controls,X,exploratory_between_within_comparison,ESTIMATED,tournament,-0.010935601097029839,-1.093560109702984,0.0002520709005694609,0.025207090056946088,-43.38303656758831,0.0,17328130,17328130,2685525,0.028114401265456803,9.977606383043597,,,,,False
X_pooled_lpm_log_price_piecewise_reference_controls,X,exploratory_between_within_comparison,ESTIMATED,month_trend_z,-0.0001276784826090918,-0.012767848260909178,5.8267555362270856e-05,0.005826755536227086,-2.191244884314566,0.02843407613923549,17328130,17328130,2685525,0.028114401265456803,9.977606383043597,,,,,False
X_pooled_lpm_log_price_piecewise_reference_controls,X,exploratory_between_within_comparison,ESTIMATED,month_trend_z2,-9.652982803412947e-05,-0.009652982803412948,5.784491079879424e-05,0.0057844910798794235,-1.6687695892538503,0.09516305174670595,17328130,17328130,2685525,0.028114401265456803,9.977606383043597,,,,,False
X_pooled_lpm_log_price_piecewise_reference_controls,X,exploratory_between_within_comparison,ESTIMATED,speed_1,-0.03830795596820735,-3.8307955968207352,0.011755865882865325,1.1755865882865324,-3.258624787821272,0.0011195362781865805,17328130,17328130,2685525,0.028114401265456803,9.977606383043597,,,,,False
X_pooled_lpm_log_price_piecewise_reference_controls,X,exploratory_between_within_comparison,ESTIMATED,speed_2,-0.051318267463670963,-5.131826746367096,0.011759646692236123,1.1759646692236123,-4.36392936001657,1.2774684305814303e-05,17328130,17328130,2685525,0.028114401265456803,9.977606383043597,,,,,False
X_pooled_lpm_log_price_piecewise_reference_controls,X,exploratory_between_within_comparison,ESTIMATED,speed_3,-0.061919156858607494,-6.191915685860749,0.011766452143237438,1.1766452143237438,-5.262347231335526,1.4222783036595422e-07,17328130,17328130,2685525,0.028114401265456803,9.977606383043597,,,,,False
X_pooled_lpm_log_price_piecewise_reference_controls,X,exploratory_between_within_comparison,ESTIMATED,speed_4,-0.07464586372168469,-7.464586372168469,0.011790406997560496,1.1790406997560496,-6.3310675990344825,2.4347063965610586e-10,17328130,17328130,2685525,0.028114401265456803,9.977606383043597,,,,,False
X_nonparametric_price20_chooser_fe_piecewise_reference,X,exploratory_nonparametric,ESTIMATED,price_bin_1,0.0009988816206020915,0.09988816206020915,0.00020201437593307604,0.020201437593307604,4.944606620139767,7.629777476998349e-07,17328130,16444516,1801928,0.028114401265456803,,,,,,False
X_nonparametric_price20_chooser_fe_piecewise_reference,X,exploratory_nonparametric,ESTIMATED,price_bin_2,0.0007217502321387181,0.07217502321387181,0.00020118454678510553,0.020118454678510554,3.5875033329953157,0.0003338594665633302,17328130,16444516,1801928,0.028114401265456803,,,,,,False
X_nonparametric_price20_chooser_fe_piecewise_reference,X,exploratory_nonparametric,ESTIMATED,price_bin_3,0.0001153489501288936,0.011534895012889361,0.00019894209793931716,0.019894209793931715,0.5798116704493497,0.5620416266275281,17328130,16444516,1801928,0.028114401265456803,,,,,,False
X_nonparametric_price20_chooser_fe_piecewise_reference,X,exploratory_nonparametric,ESTIMATED,price_bin_4,-5.326611729191983e-05,-0.005326611729191983,0.00020025314621442147,0.020025314621442147,-0.2659939097030966,0.790243899471522,17328130,16444516,1801928,0.028114401265456803,,,,,,False
X_nonparametric_price20_chooser_fe_piecewise_reference,X,exploratory_nonparametric,ESTIMATED,price_bin_5,0.0005341173317787759,0.053411733177877584,0.00020127605199814075,0.020127605199814075,2.6536556459469387,0.007962503888378571,17328130,16444516,1801928,0.028114401265456803,,,,,,False
X_nonparametric_price20_chooser_fe_piecewise_reference,X,exploratory_nonparametric,ESTIMATED,price_bin_6,0.0008256120804444499,0.08256120804444499,0.00020193097136289164,0.020193097136289164,4.08858569278477,4.3401121823048977e-05,17328130,16444516,1801928,0.028114401265456803,,,,,,False
X_nonparametric_price20_chooser_fe_piecewise_reference,X,exploratory_nonparametric,ESTIMATED,price_bin_7,0.001121029673349825,0.11210296733498251,0.00020241036975684895,0.020241036975684894,5.538400402590504,3.052467556615916e-08,17328130,16444516,1801928,0.028114401265456803,,,,,,False
X_nonparametric_price20_chooser_fe_piecewise_reference,X,exploratory_nonparametric,ESTIMATED,price_bin_8,0.0013308012570239357,0.13308012570239358,0.00020415806445838697,0.020415806445838697,6.518484883535862,7.102109314162995e-11,17328130,16444516,1801928,0.028114401265456803,,,,,,False
X_nonparametric_price20_chooser_fe_piecewise_reference,X,exploratory_nonparametric,ESTIMATED,price_bin_9,0.001645332989408467,0.1645332989408467,0.00020551506807125973,0.020551506807125974,8.005899542304942,1.1859651405353154e-15,17328130,16444516,1801928,0.028114401265456803,,,,,,False
X_nonparametric_price20_chooser_fe_piecewise_reference,X,exploratory_nonparametric,ESTIMATED,price_bin_10,0.002077692857100217,0.2077692857100217,0.00020677736193295157,0.020677736193295156,10.047970617663252,9.377870739269053e-24,17328130,16444516,1801928,0.028114401265456803,,,,,,False
X_nonparametric_price20_chooser_fe_piecewise_reference,X,exploratory_nonparametric,ESTIMATED,price_bin_11,0.0030756617522461017,0.30756617522461016,0.00021199873494591473,0.021199873494591473,14.507925026207193,1.0793648704355801e-47,17328130,16444516,1801928,0.028114401265456803,,,,,,False
X_nonparametric_price20_chooser_fe_piecewise_reference,X,exploratory_nonparametric,ESTIMATED,price_bin_12,0.002921865826298775,0.2921865826298775,0.00021182002921380628,0.021182002921380626,13.794096040603936,2.7659827888705894e-43,17328130,16444516,1801928,0.028114401265456803,,,,,,False
X_nonparametric_price20_chooser_fe_piecewise_reference,X,exploratory_nonparametric,ESTIMATED,price_bin_13,0.003553260102161479,0.3553260102161479,0.00021731008152450545,0.021731008152450545,16.351105651583808,4.271584113121286e-60,17328130,16444516,1801928,0.028114401265456803,,,,,,False
X_nonparametric_price20_chooser_fe_piecewise_reference,X,exploratory_nonparametric,ESTIMATED,price_bin_14,0.003850914785928589,0.3850914785928589,0.00022490494958273894,0.022490494958273894,17.12241012513555,1.0100552218581144e-65,17328130,16444516,1801928,0.028114401265456803,,,,,,False
X_nonparametric_price20_chooser_fe_piecewise_reference,X,exploratory_nonparametric,ESTIMATED,price_bin_15,0.004178435143483306,0.4178435143483306,0.00023837056449359004,0.023837056449359004,17.529157395588026,8.583197763040129e-69,17328130,16444516,1801928,0.028114401265456803,,,,,,False
X_nonparametric_price20_chooser_fe_piecewise_reference,X,exploratory_nonparametric,ESTIMATED,price_bin_16,0.005489263834998254,0.5489263834998254,0.00025561757086490654,0.025561757086490652,21.474516859012486,2.695078041597675e-102,17328130,16444516,1801928,0.028114401265456803,,,,,,False
X_nonparametric_price20_chooser_fe_piecewise_reference,X,exploratory_nonparametric,ESTIMATED,price_bin_17,0.0063276585285225746,0.6327658528522575,0.00027277470486548644,0.027277470486548643,23.197380166327875,4.839068788027378e-119,17328130,16444516,1801928,0.028114401265456803,,,,,,False
X_nonparametric_price20_chooser_fe_piecewise_reference,X,exploratory_nonparametric,ESTIMATED,price_bin_18,0.009287437071482857,0.9287437071482857,0.0003094923222929307,0.03094923222929307,30.00861863930961,7.575116305866647e-198,17328130,16444516,1801928,0.028114401265456803,,,,,,False
X_nonparametric_price20_chooser_fe_piecewise_reference,X,exploratory_nonparametric,ESTIMATED,price_bin_19,0.013931670766310309,1.393167076631031,0.0004013084976786282,0.04013084976786282,34.715613666040355,4.580185520684372e-264,17328130,16444516,1801928,0.028114401265456803,,,,,,False
X_nonparametric_price20_chooser_fe_piecewise_reference,X,exploratory_nonparametric,ESTIMATED,positive_draw_payoff,0.00012000387750474824,0.012000387750474824,1.0999912646135911e-05,0.001099991264613591,10.909530044941187,1.0379151255966754e-27,17328130,16444516,1801928,0.028114401265456803,,,,,,False
X_nonparametric_price20_chooser_fe_piecewise_reference,X,exploratory_nonparametric,ESTIMATED,negative_draw_payoff,5.8037409051907343e-05,0.005803740905190734,9.34070867210424e-06,0.0009340708672104241,6.2133839186350395,5.185554385016857e-10,17328130,16444516,1801928,0.028114401265456803,,,,,,False
X_nonparametric_price20_chooser_fe_piecewise_reference,X,exploratory_nonparametric,ESTIMATED,draw_nonnegative,0.004408303246889565,0.4408303246889565,7.456600517634365e-05,0.007456600517634365,59.11947725326334,0.0,17328130,16444516,1801928,0.028114401265456803,,,,,,False
X_heterogeneity_rating_band_below_1600_log_price_draw20_fe,X,exploratory_heterogeneity,ESTIMATED,log_price,0.0070102794876121775,0.7010279487612178,0.00019963704790459537,0.019963704790459537,35.11512297538242,3.962248752570744e-270,11028446,10290666,1254586,0.030587083619940652,11.129612682023605,0.22919084325652947,0.006526841538251326,0.21639846890875686,0.24198321760430208,False
X_heterogeneity_rating_band_1600_1999_log_price_draw20_fe,X,exploratory_heterogeneity,ESTIMATED,log_price,0.002815812270718484,0.2815812270718484,0.0003648572802090493,0.036485728020904926,7.717571838240781,1.1856670569828444e-14,5078671,4789334,554044,0.024211649071184175,7.999281516878319,0.11629989607233163,0.015069493165721171,0.08676423220224565,0.1458355599424176,False
X_heterogeneity_rating_band_2000_2399_log_price_draw20_fe,X,exploratory_heterogeneity,ESTIMATED,log_price,0.0029232592129744633,0.29232592129744633,0.0009013852066308358,0.09013852066308357,3.243074316585373,0.001182473633093023,1164903,1068623,153307,0.0218241347133624,7.7866788603584425,0.13394616791769623,0.04130221969711995,0.05299530482978031,0.21489703100561214,False
X_heterogeneity_rating_band_2400_plus_log_price_draw20_fe,X,exploratory_heterogeneity,ESTIMATED,log_price,0.004811699579344451,0.4811699579344451,0.004433773278969144,0.4433773278969144,1.0852380752457362,0.2778162245781453,56110,43762,10704,0.025949028693637497,8.099864632377534,0.18542888969575352,0.17086471063390019,-0.14945978937554885,0.5203175687670559,False
X_heterogeneity_speed_bullet_log_price_draw20_fe,X,exploratory_heterogeneity,ESTIMATED,log_price,0.004903024442238472,0.4903024442238472,0.000785681665595385,0.0785681665595385,6.240472009134881,4.3625245890511775e-10,1773751,1522272,266832,0.027652133811341052,8.79069698157275,0.17731088948468707,0.02841305741378812,0.12162232026299358,0.23299945870638056,False
X_heterogeneity_speed_blitz_log_price_draw20_fe,X,exploratory_heterogeneity,ESTIMATED,log_price,0.006246823985007917,0.6246823985007917,0.00028741220865333253,0.028741220865333254,21.73472036653334,9.63682729767118e-105,9938459,9362914,1045959,0.02655713526614136,8.492650185475117,0.2352220569879092,0.010822410089531179,0.2140105229865052,0.25643359098931323,False
X_heterogeneity_speed_rapid_log_price_draw20_fe,X,exploratory_heterogeneity,ESTIMATED,log_price,0.008072860842636984,0.8072860842636984,0.0003262364783765711,0.03262364783765711,24.745426639011754,3.47244606302051e-135,5311032,4759834,682500,0.03059593691018996,12.11960528182805,0.26385401650989554,0.010662738628798721,0.24295543282088605,0.284752600198905,False
X_heterogeneity_speed_classical_log_price_draw20_fe,X,exploratory_heterogeneity,ESTIMATED,log_price,0.006739923963590557,0.6739923963590557,0.0010707465581661587,0.10707465581661588,6.294602501579701,3.0818857417711727e-10,304457,231144,40357,0.03831739785913939,27.973258721862358,0.17589722528569263,0.027944135509994358,0.12112772610699687,0.23066672446438838,False
X_heterogeneity_eval_band_below_0cp_log_price_draw20_fe,X,exploratory_heterogeneity,ESTIMATED,log_price,0.004810009689475696,0.4810009689475696,0.0003278777642203711,0.03278777642203711,14.67013080595128,1.0015180350399658e-48,4761748,4024370,878564,0.023727841120529686,9.793912608343303,0.20271585876871043,0.01381827206929021,0.17563254318432586,0.229799174353095,False
X_heterogeneity_eval_band_0_100cp_log_price_draw20_fe,X,exploratory_heterogeneity,ESTIMATED,log_price,0.005076608925175839,0.507660892517584,0.0003275929901040818,0.03275929901040818,15.496695834556519,3.6519611469712677e-54,5734999,4974109,987086,0.028849874254555232,9.74143474256123,0.17596641428599197,0.011355092476784599,0.15371084199037244,0.1982219865816115,False
X_heterogeneity_eval_band_101_300cp_log_price_draw20_fe,X,exploratory_heterogeneity,ESTIMATED,log_price,0.005808610149809785,0.5808610149809785,0.0004612343114357868,0.04612343114357868,12.593621085404575,2.289255789108978e-36,3324471,2654824,644175,0.02428506670685351,9.525791583587273,0.23918444284818588,0.018992507494559257,0.20195981218274267,0.2764090735136291,False
X_heterogeneity_eval_band_301_600cp_log_price_draw20_fe,X,exploratory_heterogeneity,ESTIMATED,log_price,0.007267721260132623,0.7267721260132624,0.0005738909141029058,0.057389091410290576,12.663942016739144,9.367475245651945e-37,2525959,1893462,506171,0.032485879620373886,10.27613093010686,0.22371939270422556,0.01766585731429552,0.18909494861218284,0.25834383679626827,False
X_heterogeneity_eval_band_above_600cp_log_price_draw20_fe,X,exploratory_heterogeneity,ESTIMATED,log_price,0.011751189274527219,1.1751189274527218,0.001162994072732419,0.1162994072732419,10.10425551603901,5.289579385352273e-24,980953,559039,182935,0.046828951030273624,13.012544874565943,0.2509385543769793,0.024834937515055062,0.20226297128916873,0.29961413746478993,False
X_heterogeneity_temporal_half_first12_log_price_draw20_fe,X,exploratory_heterogeneity,ESTIMATED,log_price,0.005567458231778559,0.5567458231778559,0.00023747407509174792,0.02374740750917479,23.444488538917675,1.5046147412018799e-121,8575710,7977997,1147212,0.028031148441353543,9.764320475394175,0.19861684380954756,0.008471792569918729,0.18201243548801282,0.21522125213108229,False
X_heterogeneity_temporal_half_second12_log_price_draw20_fe,X,exploratory_heterogeneity,ESTIMATED,log_price,0.0059086742781167155,0.5908674278116716,0.00023485362389439923,0.023485362389439924,25.158965742736513,1.1274629984387983e-139,8752420,8116507,1177516,0.028195973227975804,10.186586081354264,0.2095573800678098,0.008329332064387815,0.19323218920633503,0.22588257092928457,False
X_heterogeneity_rating_certainty_either_rd_above_110_log_price_draw20_fe,X,exploratory_heterogeneity,ESTIMATED,log_price,0.006387682487104864,0.6387682487104864,0.00041943792958243283,0.041943792958243284,15.229148430767948,2.2652272474180917e-52,1629715,824361,273049,0.03877365060762158,40.172263281987746,0.16474287014515118,0.010817602237845142,0.1435407593598948,0.18594498093040757,False
X_heterogeneity_rating_certainty_both_rd_le_110_log_price_draw20_fe,X,exploratory_heterogeneity,ESTIMATED,log_price,0.006564672892882625,0.6564672892882625,0.00023499743727611324,0.023499743727611325,27.935082905476023,1.0006705897093469e-171,15698415,15037196,1648796,0.027007822127265716,6.842978761843448,0.2430656149151422,0.0087010880095686,0.22601179579007444,0.26011943404021,False
X_heterogeneity_activity_quartile_q2_log_price_draw20_fe,X,exploratory_heterogeneity,ESTIMATED,log_price,0.004974998278070141,0.49749982780701413,0.00046143099715150674,0.046143099715150675,10.781673335301843,4.201717926639083e-27,1190491,978287,459180,0.04355093822632847,22.625984813139222,0.11423400920126527,0.010595202214783776,0.09346779445137005,0.1350002239511605,False
X_heterogeneity_activity_quartile_q3_log_price_draw20_fe,X,exploratory_heterogeneity,ESTIMATED,log_price,0.005561521528742166,0.5561521528742166,0.00027025778258241444,0.027025778258241442,20.57858047823727,4.27003391485967e-94,3025315,3025315,671381,0.0373210723511436,10.79681997827884,0.14901826711771182,0.007241425970819758,0.1348253330181921,0.16321120121723154,False
X_heterogeneity_activity_quartile_q4_log_price_draw20_fe,X,exploratory_heterogeneity,ESTIMATED,log_price,0.006892928553225951,0.6892928553225951,0.0002318996679246923,0.02318996679246923,29.723753444374825,3.788166378358866e-194,12440942,12440942,671381,0.023270665517128846,6.9067286250651705,0.29620676504297955,0.009965321694559952,0.27667509342728636,0.31573843665867274,False
X_heterogeneity_lagged_kindness_none_prior_log_price_draw20_fe,X,exploratory_heterogeneity,ESTIMATED,log_price,-0.006573836079890692,-0.6573836079890691,0.00010486696041054587,0.010486696041054587,-62.6873903291813,0.0,15882714,14928501,1731315,0.015675091801061206,10.220874646423452,-0.41938102585438397,0.00669003803878497,-0.43249325946560546,-0.4062687922431625,False
X_heterogeneity_lagged_kindness_one_prior_log_price_draw20_fe,X,exploratory_heterogeneity,ESTIMATED,log_price,0.002874400883192509,0.28744008831925094,0.001246321440718561,0.12463214407185609,2.3063078185795205,0.021093438579208607,877830,809179,110724,0.09041841814474329,7.442221958516774,0.03178999303649751,0.013783933254875452,0.0047739802916376625,0.058806005781357355,False
X_heterogeneity_lagged_kindness_two_plus_prior_log_price_draw20_fe,X,exploratory_heterogeneity,ESTIMATED,log_price,0.01412280959848755,1.412280959848755,0.0038971859227549667,0.38971859227549666,3.6238480479022077,0.00029025216869328076,567586,557225,54212,0.27984305462079756,7.091482089709194,0.05046689337216076,0.013926327126595526,0.02317179376711035,0.07776199297721118,False
X_conditional_chooser_fe_poisson_log_price_piecewise_controls,X,exploratory_log_link_sensitivity,ESTIMATED,log_price,0.20011264055369019,,0.007888626220768415,,25.36723568253911,5.8006056824894056e-142,2452388,,248963,,,0.20011264055369019,0.007888626220768415,0.18465121727348577,0.2155740638338946,False
X_conditional_chooser_fe_poisson_log_price_piecewise_controls,X,exploratory_log_link_sensitivity,ESTIMATED,positive_draw_payoff_z,0.014132319371599873,,0.002655962595429775,,5.32097831344385,1.0321070706781282e-07,2452388,,248963,,,,,,,False
X_conditional_chooser_fe_poisson_log_price_piecewise_controls,X,exploratory_log_link_sensitivity,ESTIMATED,negative_draw_payoff_z,0.012519243278826524,,0.0022462410765175305,,5.573419260160528,2.497874468554385e-08,2452388,,248963,,,,,,,False
X_conditional_chooser_fe_poisson_log_price_piecewise_controls,X,exploratory_log_link_sensitivity,ESTIMATED,draw_nonnegative_z,0.08027972942542252,,0.00142846349033394,,56.200056892357175,0.0,2452388,,248963,,,,,,,False
X_conditional_chooser_fe_poisson_log_price_piecewise_controls,X,exploratory_log_link_sensitivity,ESTIMATED,engine_eval_z,1.236668475542963,,0.0095563150320801,,129.40850855078816,0.0,2452388,,248963,,,,,,,False
X_conditional_chooser_fe_poisson_log_price_piecewise_controls,X,exploratory_log_link_sensitivity,ESTIMATED,engine_eval_z2,-0.14948574163637415,,0.0012294159972388924,,-121.5908544968502,0.0,2452388,,248963,,,,,,,False
X_conditional_chooser_fe_poisson_log_price_piecewise_controls,X,exploratory_log_link_sensitivity,ESTIMATED,z_chooser_rd,-0.04442425597738695,,0.005096683910702327,,-8.716305887461884,2.8742610434824318e-18,2452388,,248963,,,,,,,False
X_conditional_chooser_fe_poisson_log_price_piecewise_controls,X,exploratory_log_link_sensitivity,ESTIMATED,z_opponent_rd,0.011944154150047626,,0.0015425057165508469,,7.743345144130557,9.683470915270242e-15,2452388,,248963,,,,,,,False
X_conditional_chooser_fe_poisson_log_price_piecewise_controls,X,exploratory_log_link_sensitivity,ESTIMATED,z_log_chooser_clock,-0.17060391173743425,,0.003111540474736292,,-54.82940463819395,0.0,2452388,,248963,,,,,,,False
X_conditional_chooser_fe_poisson_log_price_piecewise_controls,X,exploratory_log_link_sensitivity,ESTIMATED,z_log_opponent_clock,0.48530280344445426,,0.005175544424606172,,93.76845480007312,0.0,2452388,,248963,,,,,,,False
X_conditional_chooser_fe_poisson_log_price_piecewise_controls,X,exploratory_log_link_sensitivity,ESTIMATED,log_opponent_clock_missing,0.523600589539955,,0.5485172213501714,,0.95457456787066,0.339792883374817,2452388,,248963,,,,,,,False
X_conditional_chooser_fe_poisson_log_price_piecewise_controls,X,exploratory_log_link_sensitivity,ESTIMATED,tournament,-0.7322734111477224,,0.016940948110603867,,-43.225054841491996,0.0,2452388,,248963,,,,,,,False
X_conditional_chooser_fe_poisson_log_price_piecewise_controls,X,exploratory_log_link_sensitivity,ESTIMATED,month_trend_z,-0.03155257108980382,,0.0021468627657904855,,-14.697060097451551,6.731956493260725e-49,2452388,,248963,,,,,,,False
X_conditional_chooser_fe_poisson_log_price_piecewise_controls,X,exploratory_log_link_sensitivity,ESTIMATED,month_trend_z2,-0.009736064113189563,,0.002013584941256244,,-4.835189176134475,1.3301907187578984e-06,2452388,,248963,,,,,,,False
X_conditional_chooser_fe_poisson_log_price_piecewise_controls,X,exploratory_log_link_sensitivity,ESTIMATED,speed_1,-1.2637832515667042,,0.34758433600339256,,-3.635903925067467,0.0002770075663833758,2452388,,248963,,,,,,,False
X_conditional_chooser_fe_poisson_log_price_piecewise_controls,X,exploratory_log_link_sensitivity,ESTIMATED,speed_2,-1.618780631651524,,0.3477656252023993,,-4.6548034490453025,3.2428991092482344e-06,2452388,,248963,,,,,,,False
X_conditional_chooser_fe_poisson_log_price_piecewise_controls,X,exploratory_log_link_sensitivity,ESTIMATED,speed_3,-1.9884378704462873,,0.3480083602338732,,-5.713764661027082,1.1050379432655262e-08,2452388,,248963,,,,,,,False
X_conditional_chooser_fe_poisson_log_price_piecewise_controls,X,exploratory_log_link_sensitivity,ESTIMATED,speed_4,-2.390422668385379,,0.3488777694700767,,-6.851748312929999,7.295282906776565e-12,2452388,,248963,,,,,,,False
