absorption_iterations,absorption_last_adjustment,absorption_maximum_iterations,absorption_tolerance,analysis_role,causal_claim,cluster,cluster_correction,clusters,coefficient,effect_percentage_points,epistemic_label,exposure_means,fixed_effects,matrix_rank,model,numeric_controls,outcome_mean,p_value_two_sided,rows,sample_specification_sha256,smallest_singular_value,standard_error,standard_error_percentage_points,t_cluster,term
1535,9.962173740426758e-10,2000,1e-09,primary,False,chooser,1.0000658172558743,127111,0.0051680383201133905,0.5168038320113391,S,"{""low_deciles_1_2_minus_high_deciles_9_10"":0.5001158916413154}","[""chooser"",""recipient_band_x_speed"",""eval_bin"",""month"",""hour_of_week"",""tournament""]",9,C12_primary_recipient_experience_extremes,"[""z_draw_payoff"",""z_win_premium"",""z_chooser_clock"",""z_opponent_clock"",""z_chooser_elo"",""z_opponent_elo"",""z_chooser_rd"",""z_opponent_rd""]",0.028190641749963784,0.0337099253321854,138060,f2fbb875232576a7b4dea552d1f75dc48c2a8b0e5bffd905244a177f500eed71,13.053861064571631,0.002433707893921197,0.24337078939211967,2.1235244924100702,low_deciles_1_2_minus_high_deciles_9_10
714,9.773630995543814e-10,2000,1e-09,planned_sensitivity,False,chooser,1.000052739579504,287260,0.0021610225255753205,0.21610225255753204,S,"{""experience_decile_10_vs_1"":0.09998029773597807,""experience_decile_2_vs_1"":0.10002375861249703,""experience_decile_3_vs_1"":0.10001216904542531,""experience_decile_4_vs_1"":0.10000927165365738,""experience_decile_5_vs_1"":0.10000057947835359,""experience_decile_6_vs_1"":0.0999918873030498,""experience_decile_7_vs_1"":0.09998898991128187,""experience_decile_8_vs_1"":0.099983195127746,""experience_decile_9_vs_1"":0.09998029773597807}","[""chooser"",""recipient_band_x_speed"",""eval_bin"",""month"",""hour_of_week"",""tournament""]",18,C12_full_recipient_experience_decile_profile,"[""z_draw_payoff"",""z_win_premium"",""z_chooser_clock"",""z_opponent_clock"",""opponent_clock_missing"",""z_chooser_elo"",""z_opponent_elo"",""z_chooser_rd"",""z_opponent_rd""]",0.027762807920310138,0.3685663778184316,345138,12f57ec75c548afa8bb2d49d260eba3a88dd580aa5917f7ed3abe0c1626f8126,0.9983965537007522,0.002403373948141247,0.2403373948141247,0.8991619998405328,experience_decile_2_vs_1
714,9.773630995543814e-10,2000,1e-09,planned_sensitivity,False,chooser,1.000052739579504,287260,0.0008502535443725073,0.08502535443725073,S,"{""experience_decile_10_vs_1"":0.09998029773597807,""experience_decile_2_vs_1"":0.10002375861249703,""experience_decile_3_vs_1"":0.10001216904542531,""experience_decile_4_vs_1"":0.10000927165365738,""experience_decile_5_vs_1"":0.10000057947835359,""experience_decile_6_vs_1"":0.0999918873030498,""experience_decile_7_vs_1"":0.09998898991128187,""experience_decile_8_vs_1"":0.099983195127746,""experience_decile_9_vs_1"":0.09998029773597807}","[""chooser"",""recipient_band_x_speed"",""eval_bin"",""month"",""hour_of_week"",""tournament""]",18,C12_full_recipient_experience_decile_profile,"[""z_draw_payoff"",""z_win_premium"",""z_chooser_clock"",""z_opponent_clock"",""opponent_clock_missing"",""z_chooser_elo"",""z_opponent_elo"",""z_chooser_rd"",""z_opponent_rd""]",0.027762807920310138,0.7166784062971856,345138,12f57ec75c548afa8bb2d49d260eba3a88dd580aa5917f7ed3abe0c1626f8126,0.9983965537007522,0.0023429315021434695,0.23429315021434696,0.3629015801762189,experience_decile_3_vs_1
714,9.773630995543814e-10,2000,1e-09,planned_sensitivity,False,chooser,1.000052739579504,287260,-0.0012637903777380718,-0.12637903777380718,S,"{""experience_decile_10_vs_1"":0.09998029773597807,""experience_decile_2_vs_1"":0.10002375861249703,""experience_decile_3_vs_1"":0.10001216904542531,""experience_decile_4_vs_1"":0.10000927165365738,""experience_decile_5_vs_1"":0.10000057947835359,""experience_decile_6_vs_1"":0.0999918873030498,""experience_decile_7_vs_1"":0.09998898991128187,""experience_decile_8_vs_1"":0.099983195127746,""experience_decile_9_vs_1"":0.09998029773597807}","[""chooser"",""recipient_band_x_speed"",""eval_bin"",""month"",""hour_of_week"",""tournament""]",18,C12_full_recipient_experience_decile_profile,"[""z_draw_payoff"",""z_win_premium"",""z_chooser_clock"",""z_opponent_clock"",""opponent_clock_missing"",""z_chooser_elo"",""z_opponent_elo"",""z_chooser_rd"",""z_opponent_rd""]",0.027762807920310138,0.612832899373211,345138,12f57ec75c548afa8bb2d49d260eba3a88dd580aa5917f7ed3abe0c1626f8126,0.9983965537007522,0.0024974424580755036,0.24974424580755036,-0.5060338321916462,experience_decile_4_vs_1
714,9.773630995543814e-10,2000,1e-09,planned_sensitivity,False,chooser,1.000052739579504,287260,0.0006388143530330988,0.06388143530330988,S,"{""experience_decile_10_vs_1"":0.09998029773597807,""experience_decile_2_vs_1"":0.10002375861249703,""experience_decile_3_vs_1"":0.10001216904542531,""experience_decile_4_vs_1"":0.10000927165365738,""experience_decile_5_vs_1"":0.10000057947835359,""experience_decile_6_vs_1"":0.0999918873030498,""experience_decile_7_vs_1"":0.09998898991128187,""experience_decile_8_vs_1"":0.099983195127746,""experience_decile_9_vs_1"":0.09998029773597807}","[""chooser"",""recipient_band_x_speed"",""eval_bin"",""month"",""hour_of_week"",""tournament""]",18,C12_full_recipient_experience_decile_profile,"[""z_draw_payoff"",""z_win_premium"",""z_chooser_clock"",""z_opponent_clock"",""opponent_clock_missing"",""z_chooser_elo"",""z_opponent_elo"",""z_chooser_rd"",""z_opponent_rd""]",0.027762807920310138,0.7871392478116609,345138,12f57ec75c548afa8bb2d49d260eba3a88dd580aa5917f7ed3abe0c1626f8126,0.9983965537007522,0.0023657398452713472,0.2365739845271347,0.27002730427437494,experience_decile_5_vs_1
714,9.773630995543814e-10,2000,1e-09,planned_sensitivity,False,chooser,1.000052739579504,287260,-0.003264234228083819,-0.32642342280838194,S,"{""experience_decile_10_vs_1"":0.09998029773597807,""experience_decile_2_vs_1"":0.10002375861249703,""experience_decile_3_vs_1"":0.10001216904542531,""experience_decile_4_vs_1"":0.10000927165365738,""experience_decile_5_vs_1"":0.10000057947835359,""experience_decile_6_vs_1"":0.0999918873030498,""experience_decile_7_vs_1"":0.09998898991128187,""experience_decile_8_vs_1"":0.099983195127746,""experience_decile_9_vs_1"":0.09998029773597807}","[""chooser"",""recipient_band_x_speed"",""eval_bin"",""month"",""hour_of_week"",""tournament""]",18,C12_full_recipient_experience_decile_profile,"[""z_draw_payoff"",""z_win_premium"",""z_chooser_clock"",""z_opponent_clock"",""opponent_clock_missing"",""z_chooser_elo"",""z_opponent_elo"",""z_chooser_rd"",""z_opponent_rd""]",0.027762807920310138,0.17089311987883693,345138,12f57ec75c548afa8bb2d49d260eba3a88dd580aa5917f7ed3abe0c1626f8126,0.9983965537007522,0.0023838016782715466,0.23838016782715465,-1.3693396803255289,experience_decile_6_vs_1
714,9.773630995543814e-10,2000,1e-09,planned_sensitivity,False,chooser,1.000052739579504,287260,-0.0035408454784271936,-0.35408454784271937,S,"{""experience_decile_10_vs_1"":0.09998029773597807,""experience_decile_2_vs_1"":0.10002375861249703,""experience_decile_3_vs_1"":0.10001216904542531,""experience_decile_4_vs_1"":0.10000927165365738,""experience_decile_5_vs_1"":0.10000057947835359,""experience_decile_6_vs_1"":0.0999918873030498,""experience_decile_7_vs_1"":0.09998898991128187,""experience_decile_8_vs_1"":0.099983195127746,""experience_decile_9_vs_1"":0.09998029773597807}","[""chooser"",""recipient_band_x_speed"",""eval_bin"",""month"",""hour_of_week"",""tournament""]",18,C12_full_recipient_experience_decile_profile,"[""z_draw_payoff"",""z_win_premium"",""z_chooser_clock"",""z_opponent_clock"",""opponent_clock_missing"",""z_chooser_elo"",""z_opponent_elo"",""z_chooser_rd"",""z_opponent_rd""]",0.027762807920310138,0.13676136074546394,345138,12f57ec75c548afa8bb2d49d260eba3a88dd580aa5917f7ed3abe0c1626f8126,0.9983965537007522,0.002379663927904011,0.2379663927904011,-1.4879603110788597,experience_decile_7_vs_1
714,9.773630995543814e-10,2000,1e-09,planned_sensitivity,False,chooser,1.000052739579504,287260,0.0007644843583984693,0.07644843583984692,S,"{""experience_decile_10_vs_1"":0.09998029773597807,""experience_decile_2_vs_1"":0.10002375861249703,""experience_decile_3_vs_1"":0.10001216904542531,""experience_decile_4_vs_1"":0.10000927165365738,""experience_decile_5_vs_1"":0.10000057947835359,""experience_decile_6_vs_1"":0.0999918873030498,""experience_decile_7_vs_1"":0.09998898991128187,""experience_decile_8_vs_1"":0.099983195127746,""experience_decile_9_vs_1"":0.09998029773597807}","[""chooser"",""recipient_band_x_speed"",""eval_bin"",""month"",""hour_of_week"",""tournament""]",18,C12_full_recipient_experience_decile_profile,"[""z_draw_payoff"",""z_win_premium"",""z_chooser_clock"",""z_opponent_clock"",""opponent_clock_missing"",""z_chooser_elo"",""z_opponent_elo"",""z_chooser_rd"",""z_opponent_rd""]",0.027762807920310138,0.7543999507729824,345138,12f57ec75c548afa8bb2d49d260eba3a88dd580aa5917f7ed3abe0c1626f8126,0.9983965537007522,0.0024436678402088617,0.24436678402088619,0.31284299192361936,experience_decile_8_vs_1
714,9.773630995543814e-10,2000,1e-09,planned_sensitivity,False,chooser,1.000052739579504,287260,-0.001930498840250975,-0.1930498840250975,S,"{""experience_decile_10_vs_1"":0.09998029773597807,""experience_decile_2_vs_1"":0.10002375861249703,""experience_decile_3_vs_1"":0.10001216904542531,""experience_decile_4_vs_1"":0.10000927165365738,""experience_decile_5_vs_1"":0.10000057947835359,""experience_decile_6_vs_1"":0.0999918873030498,""experience_decile_7_vs_1"":0.09998898991128187,""experience_decile_8_vs_1"":0.099983195127746,""experience_decile_9_vs_1"":0.09998029773597807}","[""chooser"",""recipient_band_x_speed"",""eval_bin"",""month"",""hour_of_week"",""tournament""]",18,C12_full_recipient_experience_decile_profile,"[""z_draw_payoff"",""z_win_premium"",""z_chooser_clock"",""z_opponent_clock"",""opponent_clock_missing"",""z_chooser_elo"",""z_opponent_elo"",""z_chooser_rd"",""z_opponent_rd""]",0.027762807920310138,0.413617979018066,345138,12f57ec75c548afa8bb2d49d260eba3a88dd580aa5917f7ed3abe0c1626f8126,0.9983965537007522,0.002361341217657595,0.23613412176575949,-0.81754336299012,experience_decile_9_vs_1
714,9.773630995543814e-10,2000,1e-09,planned_sensitivity,False,chooser,1.000052739579504,287260,-0.0006413249703899136,-0.06413249703899136,S,"{""experience_decile_10_vs_1"":0.09998029773597807,""experience_decile_2_vs_1"":0.10002375861249703,""experience_decile_3_vs_1"":0.10001216904542531,""experience_decile_4_vs_1"":0.10000927165365738,""experience_decile_5_vs_1"":0.10000057947835359,""experience_decile_6_vs_1"":0.0999918873030498,""experience_decile_7_vs_1"":0.09998898991128187,""experience_decile_8_vs_1"":0.099983195127746,""experience_decile_9_vs_1"":0.09998029773597807}","[""chooser"",""recipient_band_x_speed"",""eval_bin"",""month"",""hour_of_week"",""tournament""]",18,C12_full_recipient_experience_decile_profile,"[""z_draw_payoff"",""z_win_premium"",""z_chooser_clock"",""z_opponent_clock"",""opponent_clock_missing"",""z_chooser_elo"",""z_opponent_elo"",""z_chooser_rd"",""z_opponent_rd""]",0.027762807920310138,0.7855391265393451,345138,12f57ec75c548afa8bb2d49d260eba3a88dd580aa5917f7ed3abe0c1626f8126,0.9983965537007522,0.0023568782407256276,0.23568782407256275,-0.2721078073988517,experience_decile_10_vs_1
725,9.944482529400035e-10,2000,1e-09,planned_sensitivity,False,chooser,1.0000295585512577,287260,-0.0004660373177060371,-0.04660373177060371,S,"{""log1p_prior_all_rated_games"":7.381221497881936}","[""chooser"",""recipient_band_x_speed"",""eval_bin"",""month"",""hour_of_week"",""tournament""]",10,C12_continuous_prior_all_rated_games,"[""z_draw_payoff"",""z_win_premium"",""z_chooser_clock"",""z_opponent_clock"",""opponent_clock_missing"",""z_chooser_elo"",""z_opponent_elo"",""z_chooser_rd"",""z_opponent_rd""]",0.027762807920310138,0.13700471640378764,345138,49b102b40b517f64b988510f0a4ca0357848f9bbac82cd778438de88944a0f40,0.9984443897367362,0.00031339969003821744,0.031339969003821744,-1.487038221541337,log1p_prior_all_rated_games
1537,9.902753700074718e-10,2000,1e-09,planned_sensitivity,False,chooser,1.0000730627230348,127091,0.0041610353229645965,0.41610353229645963,S,"{""low_same_speed_deciles_1_2_minus_high_9_10"":0.5001158916413154}","[""chooser"",""recipient_band_x_speed"",""eval_bin"",""month"",""hour_of_week"",""tournament""]",10,C12_same_speed_recipient_experience_extremes,"[""z_draw_payoff"",""z_win_premium"",""z_chooser_clock"",""z_opponent_clock"",""opponent_clock_missing"",""z_chooser_elo"",""z_opponent_elo"",""z_chooser_rd"",""z_opponent_rd""]",0.028226857887874837,0.1042477428939135,138060,1f5b6f2ce9f01cfba25dd05056f63d1d5b97668fea1db0678278e5f8ede9f0a7,0.7068853976241947,0.002561267038638629,0.2561267038638629,1.6246003482621165,low_same_speed_deciles_1_2_minus_high_9_10
729,9.780323159376236e-10,2000,1e-09,planned_sensitivity,False,chooser,1.0000295585512577,287260,-0.0005218118805992555,-0.05218118805992555,S,"{""log1p_prior_same_speed_games"":6.935208665922039}","[""chooser"",""recipient_band_x_speed"",""eval_bin"",""month"",""hour_of_week"",""tournament""]",10,C12_continuous_prior_same_speed_games,"[""z_draw_payoff"",""z_win_premium"",""z_chooser_clock"",""z_opponent_clock"",""opponent_clock_missing"",""z_chooser_elo"",""z_opponent_elo"",""z_chooser_rd"",""z_opponent_rd""]",0.027762807920310138,0.09253133497751952,345138,7dafe8cab050bc949575b0e719d4ca9cc4a66d5f40736b8f672b73431accce0f,0.9984442828376421,0.000310197309606567,0.031019730960656702,-1.6821934441052564,log1p_prior_same_speed_games
1253,9.934179801439507e-10,2000,1e-09,exploratory_heterogeneity,False,chooser,1.0001049507106907,80294,0.011531894670433937,1.1531894670433938,X,"{""low_deciles_1_2_minus_high_deciles_9_10"":0.509907514450867}","[""chooser"",""recipient_band_x_speed"",""eval_bin"",""month"",""hour_of_week"",""tournament""]",9,C12_primary_by_chooser_rating_band_0,"[""z_draw_payoff"",""z_win_premium"",""z_chooser_clock"",""z_opponent_clock"",""z_chooser_elo"",""z_opponent_elo"",""z_chooser_rd"",""z_opponent_rd""]",0.030716763005780346,0.0013990147284416597,86500,095f65b8017921a840bba01ed120c90b78a5955d109330d5a65f487a37f4f332,9.739015181140639,0.0036095213632766263,0.36095213632766265,3.1948542506936692,low_deciles_1_2_minus_high_deciles_9_10
1899,9.965290956287752e-10,2000,1e-09,exploratory_heterogeneity,False,chooser,1.0002180908962748,38586,-0.0010524162237448202,-0.10524162237448202,X,"{""low_deciles_1_2_minus_high_deciles_9_10"":0.48432959485098104}","[""chooser"",""recipient_band_x_speed"",""eval_bin"",""month"",""hour_of_week"",""tournament""]",9,C12_primary_by_chooser_rating_band_1,"[""z_draw_payoff"",""z_win_premium"",""z_chooser_clock"",""z_opponent_clock"",""z_chooser_elo"",""z_opponent_elo"",""z_chooser_rd"",""z_opponent_rd""]",0.024976584452076178,0.7828077437824259,41639,7b820f530b6fdf577a2bebfd769eaee5c211cf28ed0f43537cc28fa6a66aecef,5.935752273526263,0.003817778719338224,0.3817778719338224,-0.27566192310046894,low_deciles_1_2_minus_high_deciles_9_10
3277,9.98356932304812e-08,25000,1e-07,exploratory_heterogeneity,False,chooser,1.0009581061062234,8988,-0.01699815162671016,-1.6998151626710158,X,"{""low_deciles_1_2_minus_high_deciles_9_10"":0.47985619118113565}","[""chooser"",""recipient_band_x_speed"",""eval_bin"",""month"",""hour_of_week"",""tournament""]",9,C12_primary_by_chooser_rating_band_2,"[""z_draw_payoff"",""z_win_premium"",""z_chooser_clock"",""z_opponent_clock"",""z_chooser_elo"",""z_opponent_elo"",""z_chooser_rd"",""z_opponent_rd""]",0.019139261922385534,0.11361707803299145,9457,7fd343cc3c4fb58fde0fa107122ad9211865226a89cf7349496091738a5e624f,0.9286279973150945,0.01074375617945562,1.0743756179455621,-1.5821423478703185,low_deciles_1_2_minus_high_deciles_9_10
