model,estimand_class,variable,status,coefficient_pp,se_pp,statistic,p_two_sided_approx,ci95_low_pp,ci95_high_pp,covariance,n,rank,fixed_effects,clusters,drop_reason
five_bin_chooser_min0_exposure_HC1,postcertification_secondary,ever_kind_eval_clearly_better,estimated,0.34572315816649724,0.028268433585148845,12.230007620518704,2.149184718179851e-34,0.290318046440243,0.40112826989275147,HC1,1305683,10,match_cell,,
five_bin_chooser_min0_exposure_HC1,postcertification_secondary,ever_kind_eval_better,estimated,0.2917062621950144,0.03679500992167486,7.927875622699012,2.2292641115058727e-15,0.2195893679377377,0.3638231564522911,HC1,1305683,10,match_cell,,
five_bin_chooser_min0_exposure_HC1,postcertification_secondary,ever_kind_eval_roughly_equal,estimated,0.2300539122008389,0.022247597734005566,10.340618117577716,4.615507971210237e-25,0.18644942189965308,0.2736584025020247,HC1,1305683,10,match_cell,,
five_bin_chooser_min0_exposure_HC1,postcertification_secondary,ever_kind_eval_modestly_worse,estimated,-0.06190125424306686,0.03993426777037129,-1.5500786091536576,0.12112264954159302,-0.14017098082197324,0.016368472335839518,HC1,1305683,10,match_cell,,
five_bin_chooser_min0_exposure_HC1,postcertification_secondary,ever_kind_eval_clearly_worse,estimated,-0.210023465694988,0.018920524563001164,-11.100298249958994,1.2502597070217058e-28,-0.24710701240707572,-0.1729399189829003,HC1,1305683,10,match_cell,,
five_bin_chooser_min0_exposure_HC1,postcertification_secondary,log_eval_clearly_better_opps,estimated,-0.18150710644395918,0.012382058419878012,-14.65887983152864,1.1820699638216834e-48,-0.205775495001391,-0.15723871788652735,HC1,1305683,10,match_cell,,
five_bin_chooser_min0_exposure_HC1,postcertification_secondary,log_eval_better_opps,estimated,-0.10132254321663149,0.012231363910302722,-8.28383032012362,1.1927551970768683e-16,-0.12529557596262783,-0.07734951047063515,HC1,1305683,10,match_cell,,
five_bin_chooser_min0_exposure_HC1,postcertification_secondary,log_eval_roughly_equal_opps,estimated,0.0816617537787446,0.01957144128106494,4.172495658648863,3.0128134185766262e-05,0.04330243374231686,0.12002107381517234,HC1,1305683,10,match_cell,,
five_bin_chooser_min0_exposure_HC1,postcertification_secondary,log_eval_modestly_worse_opps,estimated,0.14705093415920742,0.010457545403008152,14.061706499204648,6.529254600602897e-45,0.12655452180261903,0.1675473465157958,HC1,1305683,10,match_cell,,
five_bin_chooser_min0_exposure_HC1,postcertification_secondary,log_eval_clearly_worse_opps,estimated,0.03465591415316881,0.010659486712219179,3.2511803887744475,0.0011492691311559204,0.013763704103535945,0.05554812420280167,HC1,1305683,10,match_cell,,
five_bin_chooser_min0_full_HC1,postcertification_secondary,ever_kind_eval_clearly_better,estimated,0.2734877877990782,0.028640869096552855,9.5488648363675,1.311251283169864e-21,0.21735271588390834,0.329622859714248,HC1,1233060,46,match_cell,,
five_bin_chooser_min0_full_HC1,postcertification_secondary,ever_kind_eval_better,estimated,0.25215749521748676,0.037202290996621,6.778009860747276,1.218425361121174e-11,0.1792423447217309,0.3250726457132426,HC1,1233060,46,match_cell,,
five_bin_chooser_min0_full_HC1,postcertification_secondary,ever_kind_eval_roughly_equal,estimated,0.21414641305320692,0.022343019057013892,9.584488672133247,9.291674087816464e-22,0.1703549003955676,0.2579379257108462,HC1,1233060,46,match_cell,,
five_bin_chooser_min0_full_HC1,postcertification_secondary,ever_kind_eval_modestly_worse,estimated,-0.03568666696677056,0.04432916801434387,-0.8050380497830052,0.4207977230019045,-0.12257023973950948,0.05119690580596836,HC1,1233060,46,match_cell,,
five_bin_chooser_min0_full_HC1,postcertification_secondary,ever_kind_eval_clearly_worse,estimated,-0.16858487313801176,0.021322253355566267,-7.906522370160373,2.6467875561830032e-15,-0.21037572178415997,-0.12679402449186356,HC1,1233060,46,match_cell,,
five_bin_chooser_min0_full_HC1,postcertification_secondary,log_eval_clearly_better_opps,estimated,-0.16644711388282607,0.020998522104023445,-7.926610885198144,2.2520755238397494e-15,-0.20760346093528026,-0.12529076683037188,HC1,1233060,46,match_cell,,
five_bin_chooser_min0_full_HC1,postcertification_secondary,log_eval_better_opps,estimated,-0.1579278814491702,0.0199240195511924,-7.926507050617637,2.253958512666665e-15,-0.19697824219677917,-0.1188775207015612,HC1,1233060,46,match_cell,,
five_bin_chooser_min0_full_HC1,postcertification_secondary,log_eval_roughly_equal_opps,estimated,-0.12725251186063857,0.03872378457886448,-3.2861589652085104,0.001015636753127974,-0.2031497349803005,-0.05135528874097664,HC1,1233060,46,match_cell,,
five_bin_chooser_min0_full_HC1,postcertification_secondary,log_eval_modestly_worse_opps,estimated,0.10922350114498935,0.017772031748625898,6.145808351565337,7.95572962657923e-10,0.0743909589855802,0.14405604330439853,HC1,1233060,46,match_cell,,
five_bin_chooser_min0_full_HC1,postcertification_secondary,log_eval_clearly_worse_opps,estimated,-0.07331499776769372,0.06544923616295457,-1.120181106241715,0.26263659360774005,-0.20159314346274115,0.054963147927353725,HC1,1233060,46,match_cell,,
five_bin_chooser_min0_full_HC1,postcertification_secondary,log_fair_opps,estimated,0.34049890374216973,0.09128205357235696,3.7301845260554414,0.00019133958588887147,0.1615893663054943,0.5194084411788451,HC1,1233060,46,match_cell,,
five_bin_chooser_min0_full_HC1,postcertification_secondary,log_total_opps,estimated,-0.1028367638018216,0.09226705749781144,-1.1145555801891793,0.26504091435958627,-0.2836768734570184,0.07800334585337518,HC1,1233060,46,match_cell,,
five_bin_chooser_min0_full_HC1,postcertification_secondary,account_age_days_at_query,estimated,0.13296656619457917,0.009866313664468579,13.476823332044454,2.1412942297955e-41,0.11362894675204535,0.15230418563711298,HC1,1233060,46,match_cell,,
five_bin_chooser_min0_full_HC1,postcertification_secondary,days_since_seen_at_query,estimated,-0.09432249440248999,0.003530094887546651,-26.719535142026263,2.7912747022073596e-157,-0.1012413532440904,-0.08740363556088958,HC1,1233060,46,match_cell,,
five_bin_chooser_min0_full_HC1,postcertification_secondary,log_playtime_total,estimated,0.1364531565967919,0.014664718393570192,9.304860341308727,1.3416854314591358e-20,0.10771083670197226,0.16519547649161156,HC1,1233060,46,match_cell,,
five_bin_chooser_min0_full_HC1,postcertification_secondary,account_age_days_at_query__missing,estimated,-0.029712116042016845,0.1651218453008238,-0.17994055231084927,0.8571992386270519,-0.35334498589242586,0.29392075380839217,HC1,1233060,46,match_cell,,
five_bin_chooser_min0_full_HC1,postcertification_secondary,play_time_total_seconds__missing,estimated,-0.2107468603271112,0.16541078274181775,-1.2740817547309264,0.2026344438123481,-0.5349460371556536,0.11345231650143112,HC1,1233060,46,match_cell,,
five_bin_chooser_min0_full_HC1,postcertification_secondary,share_eval_disconnected_better,estimated,-0.011929947824766585,0.008713442857092019,-1.369142831418995,0.1709546320034113,-0.029007982006014732,0.005148086356481563,HC1,1233060,46,match_cell,,
five_bin_chooser_min0_full_HC1,postcertification_secondary,share_eval_roughly_equal,estimated,-0.038052822068322056,0.016413163109907963,-2.318433187649924,0.02042579013126358,-0.07022203063612309,-0.005883613500521023,HC1,1233060,46,match_cell,,
five_bin_chooser_min0_full_HC1,postcertification_secondary,share_eval_modestly_worse,estimated,-0.028174078709821526,0.012747674499496707,-2.2101347748511992,0.027095810057962348,-0.053159061615474734,-0.0031890958041683216,HC1,1233060,46,match_cell,,
five_bin_chooser_min0_full_HC1,postcertification_secondary,share_eval_clearly_worse,estimated,-0.057569510033381066,0.03351605200929547,-1.7176697905055915,0.08585686256487537,-0.1232597648755715,0.008120744808809366,HC1,1233060,46,match_cell,,
five_bin_chooser_min0_full_HC1,postcertification_secondary,mean_eval_capped600,estimated,-0.039102140223893356,0.023247983902409106,-1.68195833187244,0.09257692012688555,-0.08466735138578214,0.006463070937995433,HC1,1233060,46,match_cell,,
five_bin_chooser_min0_full_HC1,postcertification_secondary,share_fair_nonnegative,estimated,-0.0036902304458535234,0.004847051583789868,-0.7613350883648249,0.44645694770573463,-0.013190276981289493,0.005809816089582446,HC1,1233060,46,match_cell,,
five_bin_chooser_min0_full_HC1,postcertification_secondary,panel_mean_draw_payoff_fair,estimated,0.0020667551503378845,0.002443069852820628,0.8459664581230569,0.3975714561692309,-0.0027215737729061164,0.006855084073581885,HC1,1233060,46,match_cell,,
five_bin_chooser_min0_full_HC1,postcertification_secondary,panel_mean_win_premium_fair,estimated,0.035298819159375903,0.003743845364969357,9.428492824426476,4.160236454942388e-21,0.02796101708034875,0.04263662123840306,HC1,1233060,46,match_cell,,
five_bin_chooser_min0_full_HC1,postcertification_secondary,active_months,estimated,0.14752984665097957,0.014481878357223242,10.187203828942184,2.2617604866930036e-24,0.11914588664233193,0.1759138066596272,HC1,1233060,46,match_cell,,
five_bin_chooser_min0_full_HC1,postcertification_secondary,share_speed_bullet,estimated,0.7522022229737217,0.12190891280748112,6.170198762756596,6.820419972387417e-10,0.513265144476625,0.9911393014708185,HC1,1233060,46,match_cell,,
five_bin_chooser_min0_full_HC1,postcertification_secondary,share_speed_blitz,estimated,1.247067339894329,0.19686779001860105,6.334542282292598,2.3804688523142714e-10,0.861213561741877,1.632921118046781,HC1,1233060,46,match_cell,,
five_bin_chooser_min0_full_HC1,postcertification_secondary,share_speed_rapid,estimated,1.2591894702252944,0.19440111924162143,6.477274797272365,9.33940135295996e-11,0.8781702779574398,1.640208662493149,HC1,1233060,46,match_cell,,
five_bin_chooser_min0_full_HC1,postcertification_secondary,share_speed_classical_long,estimated,0.40141716522404636,0.06246628381905547,6.426141282660923,1.3088376435934545e-10,0.2789854986906405,0.5238488317574522,HC1,1233060,46,match_cell,,
five_bin_chooser_min0_full_HC1,postcertification_secondary,share_tournament,estimated,0.028084682998875288,0.006291777312295021,4.463712176207167,8.055175426829631e-06,0.015753026068030827,0.04041633992971975,HC1,1233060,46,match_cell,,
five_bin_chooser_min0_full_HC1,postcertification_secondary,log1p_current_bullet_games,estimated,0.058437189089876995,0.010700031408688367,5.461403509752908,4.7238497675217726e-08,0.03746551289540041,0.07940886528435358,HC1,1233060,46,match_cell,,
five_bin_chooser_min0_full_HC1,postcertification_secondary,log1p_current_blitz_games,estimated,-0.01941525128386956,0.01319761577067503,-1.471118088390636,0.1412591840399516,-0.045282102876190444,0.006451600308451325,HC1,1233060,46,match_cell,,
five_bin_chooser_min0_full_HC1,postcertification_secondary,log1p_current_rapid_games,estimated,0.05195484596147787,0.009163422700852738,5.669807849925226,1.429577600814143e-08,0.03399486749268975,0.06991482443026599,HC1,1233060,46,match_cell,,
five_bin_chooser_min0_full_HC1,postcertification_secondary,log1p_current_classical_games,estimated,0.12744090230015848,0.010058002591323053,12.670597481263385,8.60564163157729e-37,0.10772757946475475,0.1471542251355622,HC1,1233060,46,match_cell,,
five_bin_chooser_min0_full_HC1,postcertification_secondary,mean_chooser_elo,estimated,-0.18359526733171694,0.016949634444914832,-10.831812799762092,2.432904379500267e-27,-0.21681594039486957,-0.1503745942685643,HC1,1233060,46,match_cell,,
five_bin_chooser_min0_full_HC1,postcertification_secondary,sd_chooser_elo,estimated,0.02223883959076073,0.0064312045686516755,3.457958669074521,0.0005442848774668934,0.00963391025899399,0.03484376892252747,HC1,1233060,46,match_cell,,
five_bin_chooser_min0_full_HC1,postcertification_secondary,rating_tier_1200_1599,estimated,-0.07553782500148376,0.019875435144079075,-3.8005620734289485,0.00014436824688716322,-0.11449296206094041,-0.03658268794202711,HC1,1233060,46,match_cell,,
five_bin_chooser_min0_full_HC1,postcertification_secondary,rating_tier_1600_1999,estimated,0.002524159539455173,0.03494633474476884,0.07222959311442576,0.9424191947737977,-0.0659693979519725,0.07101771703088285,HC1,1233060,46,match_cell,,
five_bin_chooser_min0_full_HC1,postcertification_secondary,rating_tier_2000_2399,estimated,0.35042015210250543,0.05837524578967642,6.0028895358326135,1.93836500493833e-09,0.23600677276606624,0.4648335314389446,HC1,1233060,46,match_cell,,
five_bin_chooser_min0_full_HC1,postcertification_secondary,rating_tier_2400_plus,estimated,1.062004745284924,0.18472811708595502,5.749015158265091,8.97647710532952e-09,0.699944288864554,1.424065201705294,HC1,1233060,46,match_cell,,
five_bin_chooser_min0_full_HC1,postcertification_secondary,current_bullet_rating,estimated,0.11104776570160133,0.008233213767147557,13.487778751076258,1.845780633133685e-41,0.09491096324097277,0.1271845681622299,HC1,1233060,46,match_cell,,
five_bin_chooser_min0_full_HC1,postcertification_secondary,current_blitz_rating,estimated,-0.015760429249154995,0.008795572897009149,-1.7918593176021744,0.07315550411806142,-0.032999435350689554,0.001478576852379565,HC1,1233060,46,match_cell,,
five_bin_chooser_min0_full_HC1,postcertification_secondary,current_rapid_rating,estimated,0.08039928859332615,0.008483333189541057,9.477322981071747,2.6089006843695806e-21,0.06377226107297237,0.09702631611367993,HC1,1233060,46,match_cell,,
five_bin_chooser_min0_full_HC1,postcertification_secondary,current_classical_rating,estimated,0.11796128872877662,0.007718951324685349,15.282035572828946,1.0074403953197555e-52,0.10283242213397559,0.13309015532357765,HC1,1233060,46,match_cell,,
five_bin_chooser_min0_full_HC1,postcertification_secondary,current_correspondence_rating,estimated,0.2898626488282719,0.011939636129660003,24.277343604149358,3.4018908597013708e-130,0.2664613920256251,0.3132639056309187,HC1,1233060,46,match_cell,,
five_bin_chooser_min0_full_HC1,postcertification_secondary,days_since_seen_at_query__missing,dropped,,,,,,,HC1,1233060,46,match_cell,,deterministically_collinear
five_bin_chooser_min0_full_HC1,postcertification_secondary,share_fair,dropped,,,,,,,HC1,1233060,46,match_cell,,deterministically_collinear
five_bin_chooser_min0_full_HC1,postcertification_secondary,share_clearly_worse,dropped,,,,,,,HC1,1233060,46,match_cell,,deterministically_collinear
five_bin_chooser_min0_full_HC1,postcertification_secondary,share_fair_costly,dropped,,,,,,,HC1,1233060,46,match_cell,,deterministically_collinear
five_bin_chooser_min0_full_HC1,postcertification_secondary,share_speed_other,dropped,,,,,,,HC1,1233060,46,match_cell,,zero_after_fixed_effect_absorption
five_bin_chooser_min0_full_HC1,postcertification_secondary,log1p_count_all,dropped,,,,,,,HC1,1233060,46,match_cell,,zero_after_fixed_effect_absorption
five_bin_chooser_min0_full_HC1,postcertification_secondary,log1p_count_rated,dropped,,,,,,,HC1,1233060,46,match_cell,,zero_after_fixed_effect_absorption
five_bin_chooser_min0_full_HC1,postcertification_secondary,count_all__missing,dropped,,,,,,,HC1,1233060,46,match_cell,,zero_after_fixed_effect_absorption
five_bin_chooser_min0_full_HC1,postcertification_secondary,count_rated__missing,dropped,,,,,,,HC1,1233060,46,match_cell,,zero_after_fixed_effect_absorption
five_bin_chooser_min0_full_HC1,postcertification_secondary,current_bullet_games__missing,dropped,,,,,,,HC1,1233060,46,match_cell,,deterministically_collinear
five_bin_chooser_min0_full_HC1,postcertification_secondary,current_blitz_games__missing,dropped,,,,,,,HC1,1233060,46,match_cell,,deterministically_collinear
five_bin_chooser_min0_full_HC1,postcertification_secondary,current_rapid_games__missing,dropped,,,,,,,HC1,1233060,46,match_cell,,deterministically_collinear
five_bin_chooser_min0_full_HC1,postcertification_secondary,current_classical_games__missing,dropped,,,,,,,HC1,1233060,46,match_cell,,deterministically_collinear
five_bin_chooser_min0_full_HC1,postcertification_secondary,current_bullet_rating__missing,dropped,,,,,,,HC1,1233060,46,match_cell,,deterministically_collinear
five_bin_chooser_min0_full_HC1,postcertification_secondary,current_blitz_rating__missing,dropped,,,,,,,HC1,1233060,46,match_cell,,deterministically_collinear
five_bin_chooser_min0_full_HC1,postcertification_secondary,current_rapid_rating__missing,dropped,,,,,,,HC1,1233060,46,match_cell,,deterministically_collinear
five_bin_chooser_min0_full_HC1,postcertification_secondary,current_classical_rating__missing,dropped,,,,,,,HC1,1233060,46,match_cell,,deterministically_collinear
five_bin_chooser_min0_full_HC1,postcertification_secondary,current_correspondence_rating__missing,dropped,,,,,,,HC1,1233060,46,match_cell,,deterministically_collinear
five_bin_chooser_min2_exposure_HC1,postcertification_secondary,ever_kind_eval_clearly_better,estimated,0.4207010504705006,0.06650165785432677,6.326173873620637,2.5131462544243054e-10,0.2903601961638149,0.5510419047771863,HC1,254832,10,match_cell,,
five_bin_chooser_min2_exposure_HC1,postcertification_secondary,ever_kind_eval_better,estimated,0.34657858230176286,0.08378383985714752,4.136580310626532,3.5252001218704724e-05,0.18236527369528222,0.5107918909082435,HC1,254832,10,match_cell,,
five_bin_chooser_min2_exposure_HC1,postcertification_secondary,ever_kind_eval_roughly_equal,estimated,0.13760254032568942,0.056843520052784896,2.420725180247664,0.015489582517258672,0.026191288267750662,0.24901379238362817,HC1,254832,10,match_cell,,
five_bin_chooser_min2_exposure_HC1,postcertification_secondary,ever_kind_eval_modestly_worse,estimated,-0.16508700479222177,0.08992729104533694,-1.8357831407263563,0.06638973586896657,-0.34134125646833346,0.011167246883889925,HC1,254832,10,match_cell,,
five_bin_chooser_min2_exposure_HC1,postcertification_secondary,ever_kind_eval_clearly_worse,estimated,-0.23655794502244754,0.04627910645891586,-5.111549533318047,3.1952701714364576e-07,-0.3272633269186176,-0.14585256312627748,HC1,254832,10,match_cell,,
five_bin_chooser_min2_exposure_HC1,postcertification_secondary,log_eval_clearly_better_opps,estimated,-0.1057980580702588,0.019961479478019517,-5.30011105573401,1.1573226222248181e-07,-0.14492183892531246,-0.06667427721520515,HC1,254832,10,match_cell,,
five_bin_chooser_min2_exposure_HC1,postcertification_secondary,log_eval_better_opps,estimated,-0.07528209707172713,0.02094093482582379,-3.594973084911725,0.00032442511512545776,-0.11632557513294231,-0.03423861901051196,HC1,254832,10,match_cell,,
five_bin_chooser_min2_exposure_HC1,postcertification_secondary,log_eval_roughly_equal_opps,estimated,0.22629974344985998,0.02902836447037324,7.795814458676261,6.399435983271039e-15,0.16940519455782632,0.28319429234189364,HC1,254832,10,match_cell,,
five_bin_chooser_min2_exposure_HC1,postcertification_secondary,log_eval_modestly_worse_opps,estimated,0.1528492891551608,0.022566775104713336,6.77320035520877,1.259643150483973e-11,0.10861922270270755,0.19707935560761405,HC1,254832,10,match_cell,,
five_bin_chooser_min2_exposure_HC1,postcertification_secondary,log_eval_clearly_worse_opps,estimated,-0.08663315154476725,0.02277036166547638,-3.804645390245047,0.00014200748285332006,-0.13126224032405243,-0.04200406276548206,HC1,254832,10,match_cell,,
five_bin_chooser_min2_full_HC1,postcertification_secondary,ever_kind_eval_clearly_better,estimated,0.37585848979399533,0.06596294358230968,5.698024820935905,1.2120340881702751e-08,0.24657349605842085,0.5051434835295698,HC1,254832,46,match_cell,,
five_bin_chooser_min2_full_HC1,postcertification_secondary,ever_kind_eval_better,estimated,0.330481426804263,0.08344713659343045,3.9603686872376263,7.483413485714198e-05,0.1669280444681449,0.4940348091403811,HC1,254832,46,match_cell,,
five_bin_chooser_min2_full_HC1,postcertification_secondary,ever_kind_eval_roughly_equal,estimated,0.11597295084060423,0.05673745504134367,2.04402807203983,0.040950773992774185,0.004769582385110119,0.22717631929609833,HC1,254832,46,match_cell,,
five_bin_chooser_min2_full_HC1,postcertification_secondary,ever_kind_eval_modestly_worse,estimated,-0.14277400028305126,0.0897554408434946,-1.5907002287694674,0.11167705542870865,-0.31869143175281606,0.033143431186713534,HC1,254832,46,match_cell,,
five_bin_chooser_min2_full_HC1,postcertification_secondary,ever_kind_eval_clearly_worse,estimated,-0.204025437855065,0.0460695953438333,-4.428635336003121,9.483120529551059e-06,-0.29432018551131245,-0.11373069019881756,HC1,254832,46,match_cell,,
five_bin_chooser_min2_full_HC1,postcertification_secondary,log_eval_clearly_better_opps,estimated,-0.045642320303592276,0.05993747448464973,-0.7614988902357154,0.44635914147105993,-0.16311761161779417,0.07183297101060962,HC1,254832,46,match_cell,,
five_bin_chooser_min2_full_HC1,postcertification_secondary,log_eval_better_opps,estimated,-0.06415030541650601,0.06899731920222536,-0.9297506940593857,0.35250018037075137,-0.19938256608268162,0.07108195524966959,HC1,254832,46,match_cell,,
five_bin_chooser_min2_full_HC1,postcertification_secondary,log_eval_roughly_equal_opps,estimated,-0.08273602732672991,0.1244893615440744,-0.6646031942049757,0.5063043256870088,-0.3267306924115013,0.16125863775804153,HC1,254832,46,match_cell,,
five_bin_chooser_min2_full_HC1,postcertification_secondary,log_eval_modestly_worse_opps,estimated,-0.00040797720648444447,0.07732061829490841,-0.005276434869265782,0.9957900336165207,-0.15195360432687374,0.15113764991390485,HC1,254832,46,match_cell,,
five_bin_chooser_min2_full_HC1,postcertification_secondary,log_eval_clearly_worse_opps,estimated,-0.4483158229271673,0.5155213487910281,-0.8696358045666442,0.38449946448528116,-1.4587190998190938,0.5620874539647591,HC1,254832,46,match_cell,,
five_bin_chooser_min2_full_HC1,postcertification_secondary,log_fair_opps,estimated,0.35568052329546607,0.33737289781378804,1.0542652524856424,0.2917614925939244,-0.30555820577947046,1.0169192523704025,HC1,254832,46,match_cell,,
five_bin_chooser_min2_full_HC1,postcertification_secondary,log_total_opps,estimated,0.10388378190898528,0.2752718100248647,0.3773861983891546,0.705886622044386,-0.4356390516989014,0.643406615516872,HC1,254832,46,match_cell,,
five_bin_chooser_min2_full_HC1,postcertification_secondary,account_age_days_at_query,estimated,0.06273037495728623,0.022678486019371415,2.766074194886883,0.0056735624725398805,0.01828135913542312,0.10717939077914934,HC1,254832,46,match_cell,,
five_bin_chooser_min2_full_HC1,postcertification_secondary,days_since_seen_at_query,estimated,-0.06854051856828368,0.0069585115556435985,-9.849882122089012,6.862441299244597e-23,-0.08217895060335091,-0.05490208653321644,HC1,254832,46,match_cell,,
five_bin_chooser_min2_full_HC1,postcertification_secondary,log_playtime_total,estimated,0.2341007688593898,0.03245136666647793,7.213895527586963,5.437347842724465e-13,0.17049725894398943,0.29770427877479017,HC1,254832,46,match_cell,,
five_bin_chooser_min2_full_HC1,postcertification_secondary,account_age_days_at_query__missing,estimated,-0.5836540899344644,0.5670148902565492,-1.0293452605281437,0.3033174619461623,-1.694982853535232,0.5276746736663032,HC1,254832,46,match_cell,,
five_bin_chooser_min2_full_HC1,postcertification_secondary,play_time_total_seconds__missing,estimated,0.18023163195017133,0.5677412755933134,0.3174538116183674,0.7508992812547707,-0.9325208207495521,1.2929840846498948,HC1,254832,46,match_cell,,
five_bin_chooser_min2_full_HC1,postcertification_secondary,share_eval_disconnected_better,estimated,-0.01458922249951522,0.05840053873373317,-0.24981314925932746,0.8027318504563576,-0.12905217509536865,0.09987373009633821,HC1,254832,46,match_cell,,
five_bin_chooser_min2_full_HC1,postcertification_secondary,share_eval_roughly_equal,estimated,0.07838483587563605,0.09196806862651895,0.8523049037156122,0.39404488505980073,-0.10186926636004917,0.25863893811132127,HC1,254832,46,match_cell,,
five_bin_chooser_min2_full_HC1,postcertification_secondary,share_eval_modestly_worse,estimated,0.12796058189128523,0.08158224997571963,1.5684855704441671,0.11676785487585692,-0.03193768983886894,0.28785885362143937,HC1,254832,46,match_cell,,
five_bin_chooser_min2_full_HC1,postcertification_secondary,share_eval_clearly_worse,estimated,0.21908927068490502,0.28649830661738246,0.7647140161896245,0.44444185810255193,-0.342437091916878,0.780615633286688,HC1,254832,46,match_cell,,
five_bin_chooser_min2_full_HC1,postcertification_secondary,mean_eval_capped600,estimated,-0.04995403650662972,0.08660327835448821,-0.5768146132084716,0.564064696791674,-0.21969334302452384,0.1197852700112644,HC1,254832,46,match_cell,,
five_bin_chooser_min2_full_HC1,postcertification_secondary,share_fair_nonnegative,estimated,-0.03449961149590451,0.014137560168391143,-2.4402804362975576,0.014675864193180626,-0.062208720255219174,-0.0067905027365898485,HC1,254832,46,match_cell,,
five_bin_chooser_min2_full_HC1,postcertification_secondary,panel_mean_draw_payoff_fair,estimated,-0.006614198622736933,0.004391268840894307,-1.5062158256268168,0.13201177813649267,-0.015220927397322724,0.0019925301518488574,HC1,254832,46,match_cell,,
five_bin_chooser_min2_full_HC1,postcertification_secondary,panel_mean_win_premium_fair,estimated,-0.0028179471031423153,0.003903538545612041,-0.7218955494393576,0.4703586977488939,-0.010468742064805778,0.004832847858521148,HC1,254832,46,match_cell,,
five_bin_chooser_min2_full_HC1,postcertification_secondary,active_months,estimated,0.1040336797559119,0.019584717865292815,5.311982560661539,1.0843898297759004e-07,0.06564833809255982,0.142419021419264,HC1,254832,46,match_cell,,
five_bin_chooser_min2_full_HC1,postcertification_secondary,share_speed_bullet,estimated,6.22054795533586,1.6338533566820168,3.8072865780123455,0.00014049989935351772,3.0182542202192324,9.422841690452488,HC1,254832,46,match_cell,,
five_bin_chooser_min2_full_HC1,postcertification_secondary,share_speed_blitz,estimated,13.10005886658837,3.442762951019524,3.8051004536077566,0.00014174665210200753,6.352367475281269,19.84775025789547,HC1,254832,46,match_cell,,
five_bin_chooser_min2_full_HC1,postcertification_secondary,share_speed_rapid,estimated,12.743515201833361,3.340448269837962,3.8149117041861933,0.00013623163517676357,6.1963569007318196,19.2906735029349,HC1,254832,46,match_cell,,
five_bin_chooser_min2_full_HC1,postcertification_secondary,share_speed_classical_long,estimated,3.13814063130485,0.8030566086297326,3.9077452293923662,9.316146580219942e-05,1.5641786008436966,4.712102661766004,HC1,254832,46,match_cell,,
five_bin_chooser_min2_full_HC1,postcertification_secondary,share_tournament,estimated,0.019523686619360908,0.019002397384358848,1.0274328141054003,0.3042167066573062,-0.017720327873900557,0.056767701112622374,HC1,254832,46,match_cell,,
five_bin_chooser_min2_full_HC1,postcertification_secondary,log1p_current_bullet_games,estimated,0.1271743831425075,0.02308335698167873,5.509353914313497,3.601531442273125e-08,0.08193183481613599,0.17241693146887904,HC1,254832,46,match_cell,,
five_bin_chooser_min2_full_HC1,postcertification_secondary,log1p_current_blitz_games,estimated,-0.00394887921188819,0.027695593698483997,-0.1425814970741842,0.8866207113568594,-0.0582312453913713,0.05033348696759492,HC1,254832,46,match_cell,,
five_bin_chooser_min2_full_HC1,postcertification_secondary,log1p_current_rapid_games,estimated,0.07105164046339102,0.02100244085013895,3.383018239183421,0.0007169387072996204,0.029887612809685882,0.11221566811709616,HC1,254832,46,match_cell,,
five_bin_chooser_min2_full_HC1,postcertification_secondary,log1p_current_classical_games,estimated,0.06328996550508986,0.02229823862602284,2.8383392323745347,0.004534895772555545,0.019586220879405196,0.10699371013077452,HC1,254832,46,match_cell,,
five_bin_chooser_min2_full_HC1,postcertification_secondary,mean_chooser_elo,estimated,-0.3115801571567993,0.044771551267377134,-6.959333512837933,3.4188627834842855e-12,-0.39933078517284715,-0.22382952914075152,HC1,254832,46,match_cell,,
five_bin_chooser_min2_full_HC1,postcertification_secondary,sd_chooser_elo,estimated,0.03137908859896138,0.018093622350914856,1.7342623820914875,0.08287153884885085,-0.004083759558700682,0.06684193675662345,HC1,254832,46,match_cell,,
five_bin_chooser_min2_full_HC1,postcertification_secondary,rating_tier_1200_1599,estimated,-0.0026538487518456,0.05324666916449516,-0.049840652823692204,0.96024937065383,-0.10701540261097556,0.10170770510728436,HC1,254832,46,match_cell,,
five_bin_chooser_min2_full_HC1,postcertification_secondary,rating_tier_1600_1999,estimated,0.08342934290732229,0.09255310170034114,0.9014213610845931,0.3673643281099555,-0.09797140308281918,0.26483008889746373,HC1,254832,46,match_cell,,
five_bin_chooser_min2_full_HC1,postcertification_secondary,rating_tier_2000_2399,estimated,0.5275572679004572,0.15889340981054867,3.320196026565688,0.0008995426079958311,0.2161319072910185,0.8389826285098959,HC1,254832,46,match_cell,,
five_bin_chooser_min2_full_HC1,postcertification_secondary,rating_tier_2400_plus,estimated,2.146857374419824,1.6794607762707203,1.2783015862906713,0.20114310874615038,-1.1448252605184694,5.4385400093581175,HC1,254832,46,match_cell,,
five_bin_chooser_min2_full_HC1,postcertification_secondary,current_bullet_rating,estimated,0.15447506346076076,0.01840920202889556,8.391187364791408,4.8125663405496933e-17,0.11839369050000377,0.19055643642151776,HC1,254832,46,match_cell,,
five_bin_chooser_min2_full_HC1,postcertification_secondary,current_blitz_rating,estimated,-0.047606483186553916,0.02486605914586395,-1.9145166070463744,0.05555417924105543,-0.09634306354989008,0.0011300971767822451,HC1,254832,46,match_cell,,
five_bin_chooser_min2_full_HC1,postcertification_secondary,current_rapid_rating,estimated,0.08269368708739772,0.019163003918611737,4.315277888509061,1.5940225431621693e-05,0.04513488957131879,0.12025248460347665,HC1,254832,46,match_cell,,
five_bin_chooser_min2_full_HC1,postcertification_secondary,current_classical_rating,estimated,0.09766840423507393,0.016401765471071316,5.9547494693383465,2.6047052857954295e-09,0.06552153462890152,0.12981527384124636,HC1,254832,46,match_cell,,
five_bin_chooser_min2_full_HC1,postcertification_secondary,current_correspondence_rating,estimated,0.3137880417905632,0.027186731923267596,11.541955196240767,8.10614431657648e-31,0.26050302636361333,0.36707305721751304,HC1,254832,46,match_cell,,
five_bin_chooser_min2_full_HC1,postcertification_secondary,days_since_seen_at_query__missing,dropped,,,,,,,HC1,254832,46,match_cell,,deterministically_collinear
five_bin_chooser_min2_full_HC1,postcertification_secondary,share_fair,dropped,,,,,,,HC1,254832,46,match_cell,,deterministically_collinear
five_bin_chooser_min2_full_HC1,postcertification_secondary,share_clearly_worse,dropped,,,,,,,HC1,254832,46,match_cell,,deterministically_collinear
five_bin_chooser_min2_full_HC1,postcertification_secondary,share_fair_costly,dropped,,,,,,,HC1,254832,46,match_cell,,deterministically_collinear
five_bin_chooser_min2_full_HC1,postcertification_secondary,share_speed_other,dropped,,,,,,,HC1,254832,46,match_cell,,zero_after_fixed_effect_absorption
five_bin_chooser_min2_full_HC1,postcertification_secondary,log1p_count_all,dropped,,,,,,,HC1,254832,46,match_cell,,zero_after_fixed_effect_absorption
five_bin_chooser_min2_full_HC1,postcertification_secondary,log1p_count_rated,dropped,,,,,,,HC1,254832,46,match_cell,,zero_after_fixed_effect_absorption
five_bin_chooser_min2_full_HC1,postcertification_secondary,count_all__missing,dropped,,,,,,,HC1,254832,46,match_cell,,zero_after_fixed_effect_absorption
five_bin_chooser_min2_full_HC1,postcertification_secondary,count_rated__missing,dropped,,,,,,,HC1,254832,46,match_cell,,zero_after_fixed_effect_absorption
five_bin_chooser_min2_full_HC1,postcertification_secondary,current_bullet_games__missing,dropped,,,,,,,HC1,254832,46,match_cell,,deterministically_collinear
five_bin_chooser_min2_full_HC1,postcertification_secondary,current_blitz_games__missing,dropped,,,,,,,HC1,254832,46,match_cell,,deterministically_collinear
five_bin_chooser_min2_full_HC1,postcertification_secondary,current_rapid_games__missing,dropped,,,,,,,HC1,254832,46,match_cell,,deterministically_collinear
five_bin_chooser_min2_full_HC1,postcertification_secondary,current_classical_games__missing,dropped,,,,,,,HC1,254832,46,match_cell,,deterministically_collinear
five_bin_chooser_min2_full_HC1,postcertification_secondary,current_bullet_rating__missing,dropped,,,,,,,HC1,254832,46,match_cell,,deterministically_collinear
five_bin_chooser_min2_full_HC1,postcertification_secondary,current_blitz_rating__missing,dropped,,,,,,,HC1,254832,46,match_cell,,deterministically_collinear
five_bin_chooser_min2_full_HC1,postcertification_secondary,current_rapid_rating__missing,dropped,,,,,,,HC1,254832,46,match_cell,,deterministically_collinear
five_bin_chooser_min2_full_HC1,postcertification_secondary,current_classical_rating__missing,dropped,,,,,,,HC1,254832,46,match_cell,,deterministically_collinear
five_bin_chooser_min2_full_HC1,postcertification_secondary,current_correspondence_rating__missing,dropped,,,,,,,HC1,254832,46,match_cell,,deterministically_collinear
five_bin_chooser_min4_exposure_HC1,postcertification_secondary,ever_kind_eval_clearly_better,estimated,0.27170285238861946,0.1040098207548566,2.6122807482670587,0.008994036147371655,0.06784734967063391,0.47555835510660505,HC1,100904,10,match_cell,,
five_bin_chooser_min4_exposure_HC1,postcertification_secondary,ever_kind_eval_better,estimated,0.32266201610749023,0.133433568566661,2.4181472441568865,0.015599762869815745,0.06113702738817883,0.5841870048268016,HC1,100904,10,match_cell,,
five_bin_chooser_min4_exposure_HC1,postcertification_secondary,ever_kind_eval_roughly_equal,estimated,0.13985835444274883,0.09537843618329728,1.4663519348752008,0.14255243356692687,-0.047079945378265764,0.3267966542637634,HC1,100904,10,match_cell,,
five_bin_chooser_min4_exposure_HC1,postcertification_secondary,ever_kind_eval_modestly_worse,estimated,0.029595783925166375,0.1554977711947503,0.19032931274686685,0.8490510852068132,-0.27517424729279405,0.3343658151431268,HC1,100904,10,match_cell,,
five_bin_chooser_min4_exposure_HC1,postcertification_secondary,ever_kind_eval_clearly_worse,estimated,-0.22660312937676488,0.07203197586454216,-3.145868576517982,0.0016559439797213852,-0.36778320780652596,-0.08542305094700384,HC1,100904,10,match_cell,,
five_bin_chooser_min4_exposure_HC1,postcertification_secondary,log_eval_clearly_better_opps,estimated,-0.09935487477196372,0.031406742473035064,-3.1634886953738355,0.0015589040593119291,-0.16091095889083687,-0.03779879065309057,HC1,100904,10,match_cell,,
five_bin_chooser_min4_exposure_HC1,postcertification_secondary,log_eval_better_opps,estimated,-0.08164815641377449,0.032124020886628364,-2.5416543184903904,0.01103292303263004,-0.14461008039017853,-0.018686232437370442,HC1,100904,10,match_cell,,
five_bin_chooser_min4_exposure_HC1,postcertification_secondary,log_eval_roughly_equal_opps,estimated,0.2219961963151926,0.04042460503227573,5.491610768687705,3.982843998386976e-08,0.14276542636267553,0.3012269662677097,HC1,100904,10,match_cell,,
five_bin_chooser_min4_exposure_HC1,postcertification_secondary,log_eval_modestly_worse_opps,estimated,0.17133725048464993,0.0379620926086247,4.5133773907322325,6.380334135441053e-06,0.09693291619397132,0.24574158477532854,HC1,100904,10,match_cell,,
five_bin_chooser_min4_exposure_HC1,postcertification_secondary,log_eval_clearly_worse_opps,estimated,-0.0923487849495552,0.03570939394918004,-2.586120197978765,0.009706307575662302,-0.1623379109997006,-0.0223596588994098,HC1,100904,10,match_cell,,
five_bin_chooser_min4_full_HC1,postcertification_secondary,ever_kind_eval_clearly_better,estimated,0.24027539476852763,0.10329170021965389,2.3261829775051868,0.020008791377902353,0.03782738243609801,0.44272340710095726,HC1,100904,46,match_cell,,
five_bin_chooser_min4_full_HC1,postcertification_secondary,ever_kind_eval_better,estimated,0.3071777335161487,0.13338632467068548,2.302917741189233,0.021283471762979185,0.04574534113143869,0.5686101259008587,HC1,100904,46,match_cell,,
five_bin_chooser_min4_full_HC1,postcertification_secondary,ever_kind_eval_roughly_equal,estimated,0.1169489195740192,0.09515704905036537,1.22900952416168,0.21906823513164733,-0.06955546943980828,0.3034533085878467,HC1,100904,46,match_cell,,
five_bin_chooser_min4_full_HC1,postcertification_secondary,ever_kind_eval_modestly_worse,estimated,0.038758091056381616,0.1549572418770516,0.2501211985118683,0.8024936228536306,-0.26495252216630133,0.34246870427906456,HC1,100904,46,match_cell,,
five_bin_chooser_min4_full_HC1,postcertification_secondary,ever_kind_eval_clearly_worse,estimated,-0.21294609300300227,0.07145704562167923,-2.9800573358492857,0.00288194435529827,-0.3529993288631291,-0.07289285714287541,HC1,100904,46,match_cell,,
five_bin_chooser_min4_full_HC1,postcertification_secondary,log_eval_clearly_better_opps,estimated,-0.14779069422489188,0.12294979781223983,-1.2020409700110877,0.22934765504323745,-0.3887678698433635,0.09318648139357971,HC1,100904,46,match_cell,,
five_bin_chooser_min4_full_HC1,postcertification_secondary,log_eval_better_opps,estimated,-0.06239611465577166,0.12882055588060107,-0.48436458164024904,0.6281271500250057,-0.3148797646501792,0.19008753533863587,HC1,100904,46,match_cell,,
five_bin_chooser_min4_full_HC1,postcertification_secondary,log_eval_roughly_equal_opps,estimated,-0.18248976809510253,0.20463741229625423,-0.8917712848660905,0.3725155359375845,-0.5835717260852349,0.21859218989502976,HC1,100904,46,match_cell,,
five_bin_chooser_min4_full_HC1,postcertification_secondary,log_eval_modestly_worse_opps,estimated,-0.22377976052994075,0.1758249642824711,-1.2727416805865406,0.20310972196423846,-0.5683903581066255,0.12083083704674402,HC1,100904,46,match_cell,,
five_bin_chooser_min4_full_HC1,postcertification_secondary,log_eval_clearly_worse_opps,estimated,1.1043008945595307,1.125627220305912,0.9810538290460094,0.32656619725292885,-1.1018879172579896,3.310489706377051,HC1,100904,46,match_cell,,
five_bin_chooser_min4_full_HC1,postcertification_secondary,log_fair_opps,estimated,-0.19817012320631378,0.7794994110034731,-0.2542274187881725,0.7993198691750716,-1.725960894743306,1.3296206483306785,HC1,100904,46,match_cell,,
five_bin_chooser_min4_full_HC1,postcertification_secondary,log_total_opps,estimated,-0.2872243800076877,0.5080985009250282,-0.5652927128987313,0.5718746843890605,-1.2830791424195342,0.7086303824041589,HC1,100904,46,match_cell,,
five_bin_chooser_min4_full_HC1,postcertification_secondary,account_age_days_at_query,estimated,0.05095458795045499,0.03708777579061521,1.3738917167243196,0.16947530156836219,-0.021736116865847352,0.12364529276675733,HC1,100904,46,match_cell,,
five_bin_chooser_min4_full_HC1,postcertification_secondary,days_since_seen_at_query,estimated,-0.06693810726413629,0.011562197681764088,-5.7893930813612675,7.064120585686942e-09,-0.08959959830252641,-0.044276616225746177,HC1,100904,46,match_cell,,
five_bin_chooser_min4_full_HC1,postcertification_secondary,log_playtime_total,estimated,0.279892718478834,0.05227983415599022,5.353741514246252,8.615391006245258e-08,0.1774261264153662,0.3823593105423018,HC1,100904,46,match_cell,,
five_bin_chooser_min4_full_HC1,postcertification_secondary,account_age_days_at_query__missing,estimated,0.16736764096069834,0.11101450992233486,1.5076195091775644,0.13165193669594785,-0.05021680024844247,0.3849520821698391,HC1,100904,46,match_cell,,
five_bin_chooser_min4_full_HC1,postcertification_secondary,play_time_total_seconds__missing,estimated,-0.623491967815216,0.11729714753685154,-5.315491304844663,1.063699294450735e-07,-0.8533901524767261,-0.39359378315370586,HC1,100904,46,match_cell,,
five_bin_chooser_min4_full_HC1,postcertification_secondary,share_eval_disconnected_better,estimated,-0.09821112642764174,0.12126431511058137,-0.8098930533527745,0.4180016446855768,-0.3358848166542975,0.139462563799014,HC1,100904,46,match_cell,,
five_bin_chooser_min4_full_HC1,postcertification_secondary,share_eval_roughly_equal,estimated,-0.02239243099686483,0.18495834961379146,-0.12106742433430069,0.9036376309592746,-0.3849041348798639,0.34011927288613425,HC1,100904,46,match_cell,,
five_bin_chooser_min4_full_HC1,postcertification_secondary,share_eval_modestly_worse,estimated,0.09575838575704254,0.1863969231549662,0.5137337255155826,0.607438169325226,-0.2695728704557713,0.46108964196985636,HC1,100904,46,match_cell,,
five_bin_chooser_min4_full_HC1,postcertification_secondary,share_eval_clearly_worse,estimated,-0.8159967071091754,0.6964089631939928,-1.1717205697162603,0.2413092617869939,-2.180933193480281,0.5489397792619306,HC1,100904,46,match_cell,,
five_bin_chooser_min4_full_HC1,postcertification_secondary,mean_eval_capped600,estimated,-0.20627118087095697,0.16208571073331615,-1.2726055858825231,0.2031580354415901,-0.5239533363168338,0.11141097457491994,HC1,100904,46,match_cell,,
five_bin_chooser_min4_full_HC1,postcertification_secondary,share_fair_nonnegative,estimated,-0.0289429737109006,0.02208465432371075,-1.3105468297878926,0.19001091286725152,-0.07222810079639046,0.014342153374589259,HC1,100904,46,match_cell,,
five_bin_chooser_min4_full_HC1,postcertification_secondary,panel_mean_draw_payoff_fair,estimated,0.004119126773041191,0.0054717887266162776,0.7527934609398625,0.45157403682704,-0.006605382062138997,0.014843635608221379,HC1,100904,46,match_cell,,
five_bin_chooser_min4_full_HC1,postcertification_secondary,panel_mean_win_premium_fair,estimated,-0.006337934529171307,0.005273822431140571,-1.2017724547848685,0.22945170034486062,-0.016674436555066296,0.003998567496723681,HC1,100904,46,match_cell,,
five_bin_chooser_min4_full_HC1,postcertification_secondary,active_months,estimated,0.08755680694228986,0.02615387911276213,3.347756046618926,0.0008146869141927695,0.0362961458252617,0.13881746805931802,HC1,100904,46,match_cell,,
five_bin_chooser_min4_full_HC1,postcertification_secondary,share_speed_bullet,estimated,24.419812890002504,6.025705380140442,4.052606516489418,5.0650150866366035e-05,12.609647363478002,36.229978416527004,HC1,100904,46,match_cell,,
five_bin_chooser_min4_full_HC1,postcertification_secondary,share_speed_blitz,estimated,62.089578717015684,15.353185849331249,4.044084356584544,5.25280054140063e-05,31.997887404376435,92.18127002965494,HC1,100904,46,match_cell,,
five_bin_chooser_min4_full_HC1,postcertification_secondary,share_speed_rapid,estimated,60.553472642437555,14.97246633129473,4.044321844015211,5.2474793128367256e-05,31.207977873361333,89.89896741151378,HC1,100904,46,match_cell,,
five_bin_chooser_min4_full_HC1,postcertification_secondary,share_speed_classical_long,estimated,14.882296068186406,3.675304288874433,4.0492690940548295,5.137784192558081e-05,7.678832029766923,22.08576010660589,HC1,100904,46,match_cell,,
five_bin_chooser_min4_full_HC1,postcertification_secondary,share_tournament,estimated,0.06382842996925422,0.034798044380448555,1.8342533641090626,0.06661639332800615,-0.004374483748851368,0.1320313436873598,HC1,100904,46,match_cell,,
five_bin_chooser_min4_full_HC1,postcertification_secondary,log1p_current_bullet_games,estimated,0.15118169683539118,0.03782708405923332,3.996652150048262,6.42445958074006e-05,0.07704197443912468,0.22532141923165766,HC1,100904,46,match_cell,,
five_bin_chooser_min4_full_HC1,postcertification_secondary,log1p_current_blitz_games,estimated,0.01460142869065717,0.045953454915901824,0.3177438718672807,0.7506792294954454,-0.0754656879096955,0.10466854529100984,HC1,100904,46,match_cell,,
five_bin_chooser_min4_full_HC1,postcertification_secondary,log1p_current_rapid_games,estimated,0.06769349789844409,0.03437509574981068,1.969259908136166,0.048923252551718796,0.0003195482636992736,0.1350674475331889,HC1,100904,46,match_cell,,
five_bin_chooser_min4_full_HC1,postcertification_secondary,log1p_current_classical_games,estimated,0.07295205870360713,0.03747133823569208,1.946876256320066,0.05154957186163364,-0.0004904146908679963,0.14639453209808226,HC1,100904,46,match_cell,,
five_bin_chooser_min4_full_HC1,postcertification_secondary,mean_chooser_elo,estimated,-0.31596789613839227,0.0761536040180996,-4.149086575906446,3.3380455777122324e-05,-0.46522621730679226,-0.1667095749699923,HC1,100904,46,match_cell,,
five_bin_chooser_min4_full_HC1,postcertification_secondary,sd_chooser_elo,estimated,0.049622770384607384,0.028877051554511448,1.7184154099297178,0.0857208715496292,-0.006975210641941433,0.1062207514111562,HC1,100904,46,match_cell,,
five_bin_chooser_min4_full_HC1,postcertification_secondary,rating_tier_1200_1599,estimated,0.02141244966025413,0.08995368525834574,0.23803860396333815,0.8118511529561815,-0.1548935337227551,0.19771843304326336,HC1,100904,46,match_cell,,
five_bin_chooser_min4_full_HC1,postcertification_secondary,rating_tier_1600_1999,estimated,0.13262125938316682,0.15454291607843101,0.8581516561772468,0.3908087267102765,-0.17027729019635401,0.43551980896268766,HC1,100904,46,match_cell,,
five_bin_chooser_min4_full_HC1,postcertification_secondary,rating_tier_2000_2399,estimated,0.49438592713819673,0.2673007911666755,1.849549060368932,0.0643785705224217,-0.029513996587549385,1.018285850863943,HC1,100904,46,match_cell,,
five_bin_chooser_min4_full_HC1,postcertification_secondary,rating_tier_2400_plus,estimated,-1.2969983175665512,0.3124828406798218,-4.150622526167733,3.315722108375122e-05,-1.9094534310857696,-0.6845432040473327,HC1,100904,46,match_cell,,
five_bin_chooser_min4_full_HC1,postcertification_secondary,current_bullet_rating,estimated,0.20406239889973377,0.02955450510196568,6.904612281467759,5.03407274028333e-12,0.14613663331897575,0.2619881644804918,HC1,100904,46,match_cell,,
five_bin_chooser_min4_full_HC1,postcertification_secondary,current_blitz_rating,estimated,-0.12936783868436097,0.042381835553236644,-3.0524359550652194,0.0022699216416092655,-0.212434709967404,-0.04630096740131795,HC1,100904,46,match_cell,,
five_bin_chooser_min4_full_HC1,postcertification_secondary,current_rapid_rating,estimated,0.039730740084335636,0.031058744193793533,1.2792127021116013,0.2008221640642919,-0.021143279940542208,0.10060476010921349,HC1,100904,46,match_cell,,
five_bin_chooser_min4_full_HC1,postcertification_secondary,current_classical_rating,estimated,0.08151837028323539,0.024972044922809584,3.2643850567790755,0.001097019646125009,0.03257406161421229,0.1304626789522585,HC1,100904,46,match_cell,,
five_bin_chooser_min4_full_HC1,postcertification_secondary,current_correspondence_rating,estimated,0.32586036027099974,0.0437918400730227,7.441120531305126,9.983480201188624e-14,0.24002993091113736,0.41169078963086214,HC1,100904,46,match_cell,,
five_bin_chooser_min4_full_HC1,postcertification_secondary,days_since_seen_at_query__missing,dropped,,,,,,,HC1,100904,46,match_cell,,deterministically_collinear
five_bin_chooser_min4_full_HC1,postcertification_secondary,share_fair,dropped,,,,,,,HC1,100904,46,match_cell,,deterministically_collinear
five_bin_chooser_min4_full_HC1,postcertification_secondary,share_clearly_worse,dropped,,,,,,,HC1,100904,46,match_cell,,deterministically_collinear
five_bin_chooser_min4_full_HC1,postcertification_secondary,share_fair_costly,dropped,,,,,,,HC1,100904,46,match_cell,,deterministically_collinear
five_bin_chooser_min4_full_HC1,postcertification_secondary,share_speed_other,dropped,,,,,,,HC1,100904,46,match_cell,,zero_after_fixed_effect_absorption
five_bin_chooser_min4_full_HC1,postcertification_secondary,log1p_count_all,dropped,,,,,,,HC1,100904,46,match_cell,,zero_after_fixed_effect_absorption
five_bin_chooser_min4_full_HC1,postcertification_secondary,log1p_count_rated,dropped,,,,,,,HC1,100904,46,match_cell,,zero_after_fixed_effect_absorption
five_bin_chooser_min4_full_HC1,postcertification_secondary,count_all__missing,dropped,,,,,,,HC1,100904,46,match_cell,,zero_after_fixed_effect_absorption
five_bin_chooser_min4_full_HC1,postcertification_secondary,count_rated__missing,dropped,,,,,,,HC1,100904,46,match_cell,,zero_after_fixed_effect_absorption
five_bin_chooser_min4_full_HC1,postcertification_secondary,current_bullet_games__missing,dropped,,,,,,,HC1,100904,46,match_cell,,deterministically_collinear
five_bin_chooser_min4_full_HC1,postcertification_secondary,current_blitz_games__missing,dropped,,,,,,,HC1,100904,46,match_cell,,deterministically_collinear
five_bin_chooser_min4_full_HC1,postcertification_secondary,current_rapid_games__missing,dropped,,,,,,,HC1,100904,46,match_cell,,deterministically_collinear
five_bin_chooser_min4_full_HC1,postcertification_secondary,current_classical_games__missing,dropped,,,,,,,HC1,100904,46,match_cell,,deterministically_collinear
five_bin_chooser_min4_full_HC1,postcertification_secondary,current_bullet_rating__missing,dropped,,,,,,,HC1,100904,46,match_cell,,deterministically_collinear
five_bin_chooser_min4_full_HC1,postcertification_secondary,current_blitz_rating__missing,dropped,,,,,,,HC1,100904,46,match_cell,,deterministically_collinear
five_bin_chooser_min4_full_HC1,postcertification_secondary,current_rapid_rating__missing,dropped,,,,,,,HC1,100904,46,match_cell,,deterministically_collinear
five_bin_chooser_min4_full_HC1,postcertification_secondary,current_classical_rating__missing,dropped,,,,,,,HC1,100904,46,match_cell,,deterministically_collinear
five_bin_chooser_min4_full_HC1,postcertification_secondary,current_correspondence_rating__missing,dropped,,,,,,,HC1,100904,46,match_cell,,deterministically_collinear
five_bin_chooser_min4_full_CR1,postcertification_sensitivity,ever_kind_eval_clearly_better,estimated,0.24027539476852763,0.07842819604045384,3.0636353620143426,0.002186652556474308,0.08655895515679124,0.393991834380264,CR1,100904,46,match_cell,16,
five_bin_chooser_min4_full_CR1,postcertification_sensitivity,ever_kind_eval_better,estimated,0.3071777335161487,0.15775489751587543,1.9471835001841151,0.051512739098095096,-0.002016183999774379,0.6163716510320718,CR1,100904,46,match_cell,16,
five_bin_chooser_min4_full_CR1,postcertification_sensitivity,ever_kind_eval_roughly_equal,estimated,0.1169489195740192,0.041163030040621294,2.8411154246567714,0.0044956037758930156,0.036270863199861156,0.19762697594817724,CR1,100904,46,match_cell,16,
five_bin_chooser_min4_full_CR1,postcertification_sensitivity,ever_kind_eval_modestly_worse,estimated,0.038758091056381616,0.13762813989713374,0.281614581766129,0.7782390579386126,-0.23098810640124062,0.30850428851400385,CR1,100904,46,match_cell,16,
five_bin_chooser_min4_full_CR1,postcertification_sensitivity,ever_kind_eval_clearly_worse,estimated,-0.21294609300300227,0.05493595181448396,-3.8762610998733735,0.00010607385734052376,-0.32061858001581867,-0.10527360599018587,CR1,100904,46,match_cell,16,
five_bin_chooser_min4_full_CR1,postcertification_sensitivity,log_eval_clearly_better_opps,estimated,-0.14779069422489188,0.100452010456865,-1.4712567080810646,0.1412217063203978,-0.3446730168949882,0.04909162844520443,CR1,100904,46,match_cell,16,
five_bin_chooser_min4_full_CR1,postcertification_sensitivity,log_eval_better_opps,estimated,-0.06239611465577166,0.09071291016137685,-0.6878416153199136,0.4915525264635342,-0.2401901515048878,0.11539792219334447,CR1,100904,46,match_cell,16,
five_bin_chooser_min4_full_CR1,postcertification_sensitivity,log_eval_roughly_equal_opps,estimated,-0.18248976809510253,0.16441594673053236,-1.1099274232455811,0.26703030225342983,-0.504739102171002,0.13975956598079697,CR1,100904,46,match_cell,16,
five_bin_chooser_min4_full_CR1,postcertification_sensitivity,log_eval_modestly_worse_opps,estimated,-0.22377976052994075,0.21168182257218357,-1.057151520195513,0.29044244124097285,-0.6386685089532185,0.1911089878933369,CR1,100904,46,match_cell,16,
five_bin_chooser_min4_full_CR1,postcertification_sensitivity,log_eval_clearly_worse_opps,estimated,1.1043008945595307,1.6527833656046205,0.6681461814903709,0.5040402853395488,-2.135094976272422,4.343696765391483,CR1,100904,46,match_cell,16,
five_bin_chooser_min4_full_CR1,postcertification_sensitivity,log_fair_opps,estimated,-0.19817012320631378,0.9020647773255187,-0.21968502505314227,0.8261164680553378,-1.966184598486474,1.5698443520738465,CR1,100904,46,match_cell,16,
five_bin_chooser_min4_full_CR1,postcertification_sensitivity,log_total_opps,estimated,-0.2872243800076877,0.7963639508373834,-0.36066974114746003,0.7183463473395892,-1.8480690422349855,1.27362028221961,CR1,100904,46,match_cell,16,
five_bin_chooser_min4_full_CR1,postcertification_sensitivity,account_age_days_at_query,estimated,0.05095458795045499,0.034899462967125816,1.4600393134545535,0.14427926960412088,-0.017447102544900978,0.11935627844581095,CR1,100904,46,match_cell,16,
five_bin_chooser_min4_full_CR1,postcertification_sensitivity,days_since_seen_at_query,estimated,-0.06693810726413629,0.011908964506035565,-5.620816757847543,1.9005677661167255e-08,-0.09027924878913184,-0.04359696573914075,CR1,100904,46,match_cell,16,
five_bin_chooser_min4_full_CR1,postcertification_sensitivity,log_playtime_total,estimated,0.279892718478834,0.04305803231917386,6.500360174475438,8.012793537657977e-11,0.19550052588809158,0.36428491106957644,CR1,100904,46,match_cell,16,
five_bin_chooser_min4_full_CR1,postcertification_sensitivity,account_age_days_at_query__missing,estimated,0.16736764096069834,0.0725575281792774,2.306688846223664,0.021072172499017036,0.025157498922064564,0.30957778299933214,CR1,100904,46,match_cell,16,
five_bin_chooser_min4_full_CR1,postcertification_sensitivity,play_time_total_seconds__missing,estimated,-0.623491967815216,0.11740251990200018,-5.310720488245615,1.0919269014948452e-07,-0.8535966785173832,-0.3933872571130487,CR1,100904,46,match_cell,16,
five_bin_chooser_min4_full_CR1,postcertification_sensitivity,share_eval_disconnected_better,estimated,-0.09821112642764174,0.09817127270069644,-1.0004059611926068,0.31711408629297144,-0.29062328523746694,0.09420103238218347,CR1,100904,46,match_cell,16,
five_bin_chooser_min4_full_CR1,postcertification_sensitivity,share_eval_roughly_equal,estimated,-0.02239243099686483,0.13648332444716615,-0.16406715683081952,0.8696782764696493,-0.28989483140360556,0.2451099694098759,CR1,100904,46,match_cell,16,
five_bin_chooser_min4_full_CR1,postcertification_sensitivity,share_eval_modestly_worse,estimated,0.09575838575704254,0.1889813708213639,0.5067080704349366,0.6123596670733005,-0.2746382948018394,0.46615506631592446,CR1,100904,46,match_cell,16,
five_bin_chooser_min4_full_CR1,postcertification_sensitivity,share_eval_clearly_worse,estimated,-0.8159967071091754,0.9252469191036354,-0.8819231820838702,0.37781834982862833,-2.6294473453589458,0.997453931140595,CR1,100904,46,match_cell,16,
five_bin_chooser_min4_full_CR1,postcertification_sensitivity,mean_eval_capped600,estimated,-0.20627118087095697,0.12066227371878742,-1.7094919108824984,0.0873598688303826,-0.4427648916524942,0.030222529910580276,CR1,100904,46,match_cell,16,
five_bin_chooser_min4_full_CR1,postcertification_sensitivity,share_fair_nonnegative,estimated,-0.0289429737109006,0.021927400710588053,-1.319945491620671,0.18685321757685736,-0.07191988937823117,0.014033941956429971,CR1,100904,46,match_cell,16,
five_bin_chooser_min4_full_CR1,postcertification_sensitivity,panel_mean_draw_payoff_fair,estimated,0.004119126773041191,0.004561262954894469,0.9030671578846724,0.36649025309857014,-0.004820784342568713,0.013059037888651094,CR1,100904,46,match_cell,16,
five_bin_chooser_min4_full_CR1,postcertification_sensitivity,panel_mean_win_premium_fair,estimated,-0.006337934529171307,0.006365894267608784,-0.9956078851985114,0.31944070202725267,-0.018814858023074508,0.006138988964731893,CR1,100904,46,match_cell,16,
five_bin_chooser_min4_full_CR1,postcertification_sensitivity,active_months,estimated,0.08755680694228986,0.013699888578255557,6.391059784329918,1.6473995190836435e-10,0.06070551873669732,0.11440809514788239,CR1,100904,46,match_cell,16,
five_bin_chooser_min4_full_CR1,postcertification_sensitivity,share_speed_bullet,estimated,24.419812890002504,3.5152736996457663,6.946774270368559,3.737329682532381e-12,17.53000304289593,31.309622737109077,CR1,100904,46,match_cell,16,
five_bin_chooser_min4_full_CR1,postcertification_sensitivity,share_speed_blitz,estimated,62.089578717015684,8.985824644530465,6.909725169721475,4.855935333922174e-12,44.477686042343535,79.70147139168783,CR1,100904,46,match_cell,16,
five_bin_chooser_min4_full_CR1,postcertification_sensitivity,share_speed_rapid,estimated,60.553472642437555,8.886422598053144,6.8141563125417575,9.481856436058956e-12,43.13640439885053,77.97054088602458,CR1,100904,46,match_cell,16,
five_bin_chooser_min4_full_CR1,postcertification_sensitivity,share_speed_classical_long,estimated,14.882296068186406,2.169797166248524,6.858842061222335,6.942093660074362e-12,10.629571768582231,19.13502036779058,CR1,100904,46,match_cell,16,
five_bin_chooser_min4_full_CR1,postcertification_sensitivity,share_tournament,estimated,0.06382842996925422,0.031567243857913034,2.021982985164991,0.043178109671693325,0.0019577689165514445,0.125699091021957,CR1,100904,46,match_cell,16,
five_bin_chooser_min4_full_CR1,postcertification_sensitivity,log1p_current_bullet_games,estimated,0.15118169683539118,0.027345626534071275,5.5285512162987525,3.228861654152702e-08,0.09758525369392862,0.20477813997685373,CR1,100904,46,match_cell,16,
five_bin_chooser_min4_full_CR1,postcertification_sensitivity,log1p_current_blitz_games,estimated,0.01460142869065717,0.05340863828189698,0.2733907689911347,0.7845528478854967,-0.0900775788051881,0.11928043618650244,CR1,100904,46,match_cell,16,
five_bin_chooser_min4_full_CR1,postcertification_sensitivity,log1p_current_rapid_games,estimated,0.06769349789844409,0.03187907219307835,2.1234463000821533,0.03371647087982265,0.005211664539458198,0.13017533125742997,CR1,100904,46,match_cell,16,
five_bin_chooser_min4_full_CR1,postcertification_sensitivity,log1p_current_classical_games,estimated,0.07295205870360713,0.060673165747865875,1.202377654180228,0.22921724282519135,-0.0459651609902392,0.19186927839745346,CR1,100904,46,match_cell,16,
five_bin_chooser_min4_full_CR1,postcertification_sensitivity,mean_chooser_elo,estimated,-0.31596789613839227,0.0770741270060662,-4.09953259818984,4.139853594547839e-05,-0.46703040921014793,-0.16490538306663657,CR1,100904,46,match_cell,16,
five_bin_chooser_min4_full_CR1,postcertification_sensitivity,sd_chooser_elo,estimated,0.049622770384607384,0.018403568676353788,2.6963667350216833,0.007010044110162548,0.013552438591944486,0.08569310217727028,CR1,100904,46,match_cell,16,
five_bin_chooser_min4_full_CR1,postcertification_sensitivity,rating_tier_1200_1599,estimated,0.02141244966025413,0.08797382017129325,0.24339570134117272,0.8076988735353077,-0.15101306945788398,0.19383796877839224,CR1,100904,46,match_cell,16,
five_bin_chooser_min4_full_CR1,postcertification_sensitivity,rating_tier_1600_1999,estimated,0.13262125938316682,0.12174878016124517,1.0893025721286245,0.2760204788885237,-0.10600196489455835,0.371244483660892,CR1,100904,46,match_cell,16,
five_bin_chooser_min4_full_CR1,postcertification_sensitivity,rating_tier_2000_2399,estimated,0.49438592713819673,0.18127638438758414,2.727249491479034,0.006386473027937772,0.13909074249089287,0.8496811117855005,CR1,100904,46,match_cell,16,
five_bin_chooser_min4_full_CR1,postcertification_sensitivity,rating_tier_2400_plus,estimated,-1.2969983175665512,0.3518004722263259,-3.6867441062789297,0.00022714155491897892,-1.9865145728743334,-0.6074820622587689,CR1,100904,46,match_cell,16,
five_bin_chooser_min4_full_CR1,postcertification_sensitivity,current_bullet_rating,estimated,0.20406239889973377,0.02400147186564707,8.502078540933361,1.8622574074229674e-17,0.15702037846711414,0.2511044193323534,CR1,100904,46,match_cell,16,
five_bin_chooser_min4_full_CR1,postcertification_sensitivity,current_blitz_rating,estimated,-0.12936783868436097,0.01948105316437845,-6.6407004586853144,3.1219592304907434e-11,-0.16755000126745279,-0.09118567610126915,CR1,100904,46,match_cell,16,
five_bin_chooser_min4_full_CR1,postcertification_sensitivity,current_rapid_rating,estimated,0.039730740084335636,0.01988160219624493,1.9983671181108151,0.04567687378686439,0.0007635158247431273,0.07869796434392815,CR1,100904,46,match_cell,16,
five_bin_chooser_min4_full_CR1,postcertification_sensitivity,current_classical_rating,estimated,0.08151837028323539,0.015168048031490255,5.374348110844308,7.686024115461868e-08,0.051789542425740825,0.11124719814072995,CR1,100904,46,match_cell,16,
five_bin_chooser_min4_full_CR1,postcertification_sensitivity,current_correspondence_rating,estimated,0.32586036027099974,0.01947219960929256,16.734645638877492,7.32920120842638e-63,0.2876955503370114,0.3640251702049881,CR1,100904,46,match_cell,16,
five_bin_chooser_min4_full_CR1,postcertification_sensitivity,days_since_seen_at_query__missing,dropped,,,,,,,CR1,100904,46,match_cell,16,deterministically_collinear
five_bin_chooser_min4_full_CR1,postcertification_sensitivity,share_fair,dropped,,,,,,,CR1,100904,46,match_cell,16,deterministically_collinear
five_bin_chooser_min4_full_CR1,postcertification_sensitivity,share_clearly_worse,dropped,,,,,,,CR1,100904,46,match_cell,16,deterministically_collinear
five_bin_chooser_min4_full_CR1,postcertification_sensitivity,share_fair_costly,dropped,,,,,,,CR1,100904,46,match_cell,16,deterministically_collinear
five_bin_chooser_min4_full_CR1,postcertification_sensitivity,share_speed_other,dropped,,,,,,,CR1,100904,46,match_cell,16,zero_after_fixed_effect_absorption
five_bin_chooser_min4_full_CR1,postcertification_sensitivity,log1p_count_all,dropped,,,,,,,CR1,100904,46,match_cell,16,zero_after_fixed_effect_absorption
five_bin_chooser_min4_full_CR1,postcertification_sensitivity,log1p_count_rated,dropped,,,,,,,CR1,100904,46,match_cell,16,zero_after_fixed_effect_absorption
five_bin_chooser_min4_full_CR1,postcertification_sensitivity,count_all__missing,dropped,,,,,,,CR1,100904,46,match_cell,16,zero_after_fixed_effect_absorption
five_bin_chooser_min4_full_CR1,postcertification_sensitivity,count_rated__missing,dropped,,,,,,,CR1,100904,46,match_cell,16,zero_after_fixed_effect_absorption
five_bin_chooser_min4_full_CR1,postcertification_sensitivity,current_bullet_games__missing,dropped,,,,,,,CR1,100904,46,match_cell,16,deterministically_collinear
five_bin_chooser_min4_full_CR1,postcertification_sensitivity,current_blitz_games__missing,dropped,,,,,,,CR1,100904,46,match_cell,16,deterministically_collinear
five_bin_chooser_min4_full_CR1,postcertification_sensitivity,current_rapid_games__missing,dropped,,,,,,,CR1,100904,46,match_cell,16,deterministically_collinear
five_bin_chooser_min4_full_CR1,postcertification_sensitivity,current_classical_games__missing,dropped,,,,,,,CR1,100904,46,match_cell,16,deterministically_collinear
five_bin_chooser_min4_full_CR1,postcertification_sensitivity,current_bullet_rating__missing,dropped,,,,,,,CR1,100904,46,match_cell,16,deterministically_collinear
five_bin_chooser_min4_full_CR1,postcertification_sensitivity,current_blitz_rating__missing,dropped,,,,,,,CR1,100904,46,match_cell,16,deterministically_collinear
five_bin_chooser_min4_full_CR1,postcertification_sensitivity,current_rapid_rating__missing,dropped,,,,,,,CR1,100904,46,match_cell,16,deterministically_collinear
five_bin_chooser_min4_full_CR1,postcertification_sensitivity,current_classical_rating__missing,dropped,,,,,,,CR1,100904,46,match_cell,16,deterministically_collinear
five_bin_chooser_min4_full_CR1,postcertification_sensitivity,current_correspondence_rating__missing,dropped,,,,,,,CR1,100904,46,match_cell,16,deterministically_collinear
