replicate,root_seed,users,kind_users,controls,raw_gap_pp,raw_p_two_sided,fe_gap_pp,fe_p_two_sided,full_gap_pp,full_p_two_sided
1,20260826,497778,248889,248889,0.3069641486767193,2.6107579500847135e-55,0.30696414867671956,2.0757065373004533e-55,0.2668272375320552,2.4982577684871723e-42
2,20260826,497774,248887,248887,0.28848433224716435,3.5958267638641676e-48,0.2884843322471618,3.015339275549713e-48,0.24940745131520692,1.4389558627697226e-36
3,20260826,497798,248899,248899,0.30655004640436484,3.792798846206811e-55,0.30655004640437017,3.0429323308071112e-55,0.2659809967933242,4.8987482019766315e-42
4,20260826,497790,248895,248895,0.3021354386387834,2.198780522931388e-53,0.3021354386387819,1.7500694495820345e-53,0.25877795522933567,1.09183535447031e-39
5,20260826,497794,248897,248897,0.2944993310485864,1.9913933799347048e-50,0.2944993310485765,1.6338681589742141e-50,0.25549524873587026,1.3536167833981812e-38
6,20260826,497794,248897,248897,0.2924904679445715,1.145317194234975e-49,0.29249046794456895,9.41328661874241e-50,0.24996453440508204,7.563852703458838e-37
7,20260826,497788,248894,248894,0.29329754835391775,5.700673552483678e-50,0.29329754835391836,4.594198544523376e-50,0.24864308825172216,2.2888930121361153e-36
8,20260826,497782,248891,248891,0.3001313828141636,1.3524983057853113e-52,0.3001313828141634,1.0894640958245091e-52,0.2602754642671188,3.918984875300188e-40
9,20260826,497788,248894,248894,0.31097575674785255,5.990481334096041e-57,0.31097575674785544,4.7000108378978817e-57,0.27051027192228183,1.2721900139377217e-43
10,20260826,497784,248892,248892,0.28807675618340484,5.056396830393533e-48,0.2880767561834167,4.1773421652752873e-48,0.24875582307741423,1.6933956071190722e-36
11,20260826,497780,248890,248890,0.30776648318534294,1.2343877428738795e-55,0.3077664831853302,9.914858320170234e-56,0.2681188158626835,1.0569706558405547e-42
12,20260826,497790,248895,248895,0.32182245525221476,1.548769785766867e-61,0.32182245525221204,1.2027506060316848e-61,0.2804336884294081,3.051161779925769e-47
13,20260826,497774,248887,248887,0.3121898692981152,1.9029461771035764e-57,0.31218986929811476,1.4884724823723687e-57,0.2705888068041706,1.082702877734687e-43
14,20260826,497796,248898,248898,0.29610523186204785,4.851352230300759e-51,0.2961052318620467,3.949738344976476e-51,0.2530904126021529,8.81705093958324e-38
15,20260826,497788,248894,248894,0.32061841587181694,5.146378255890767e-61,0.3206184158718227,3.934132724061974e-61,0.2803242364103459,2.553480446791033e-47
16,20260826,497786,248893,248893,0.2937005058398589,4.0176476643388214e-50,0.2937005058398675,3.246061933188062e-50,0.25304284323482806,8.437720388824484e-38
17,20260826,497790,248895,248895,0.2932963699552019,5.700685988057268e-50,0.2932963699551917,4.628134470944794e-50,0.2512411202558598,3.3245876326880495e-37
18,20260826,497792,248896,248896,0.32141938801748526,2.3129059274025565e-61,0.32141938801748704,1.7877755593874316e-61,0.28238438057658743,5.2036236227471187e-48
19,20260826,497780,248890,248890,0.31499859375627787,1.2766732081985437e-58,0.3149985937562734,1.002229126981515e-58,0.27521865233140075,2.1064656283303408e-45
20,20260826,497796,248898,248898,0.32181857628426097,1.5487819746443199e-61,0.32181857628426347,1.1871695608227187e-61,0.2838049920347213,1.7332320864634694e-48
21,20260826,497794,248897,248897,0.3101684632599027,1.28197436265919e-56,0.3101684632598999,1.0099129685686385e-56,0.2686651449302473,6.182679657645424e-43
22,20260826,497790,248895,248895,0.2953052492014705,9.84278993631468e-51,0.29530524920147355,8.02537602408898e-51,0.2540162555461394,4.921255206763663e-38
23,20260826,497784,248892,248892,0.3121835977050287,1.902969674032129e-57,0.3121835977050249,1.4993861911976258e-57,0.2691171186169852,3.1783275928735317e-43
24,20260826,497758,248879,248879,0.3085836892626538,5.819078895752365e-56,0.3085836892626519,4.611248624588795e-56,0.2687338530541392,4.824233496932161e-43
25,20260826,497802,248901,248901,0.3113687771443264,4.0905448963656975e-57,0.3113687771443212,3.2055364183532654e-57,0.2726238200279013,2.093055543607596e-44
26,20260826,497770,248885,248885,0.3129959619904775,8.826673593077973e-58,0.3129959619904783,7.009688395939186e-58,0.2725919453949045,2.156941830552029e-44
27,20260826,497784,248892,248892,0.30173729971232505,3.166597632710263e-53,0.30173729971232444,2.5304087677927706e-53,0.26064523721185784,3.6317255541414214e-40
28,20260826,497788,248894,248894,0.3166006412368318,2.6820245071860684e-59,0.31660064123684306,2.1041856057315786e-59,0.27676190462885586,6.8804926387563106e-46
29,20260826,497788,248894,248894,0.3021366525508851,2.198775434960358e-53,0.30213665255088895,1.7570484579551663e-53,0.25899254355863327,1.3720740851957583e-39
30,20260826,497768,248884,248884,0.31781874286816353,8.256760227709678e-60,0.31781874286816314,6.452952343562117e-60,0.2796584878190408,7.123641712230729e-47
31,20260826,497788,248894,248894,0.3149935313828377,1.2766860459329442e-58,0.31499353138283437,9.975494377192754e-59,0.2736492573541629,6.041051885945537e-45
32,20260826,497782,248891,248891,0.3089705935530011,3.9911379577035007e-56,0.3089705935530082,3.211269977812943e-56,0.26679980779654344,2.7910442485438106e-42
33,20260826,497780,248890,248890,0.3073646992647354,1.7958420898099625e-55,0.30736469926473436,1.4243473611558272e-55,0.26752253551755784,1.5905850963401566e-42
34,20260826,497788,248894,248894,0.29771710045240146,1.1686003057343622e-51,0.2977171004524169,9.476309195190947e-52,0.25838147664179123,1.767556766267643e-39
35,20260826,497794,248897,248897,0.3013294656022371,4.5572240927900025e-53,0.3013294656022382,3.655906066349828e-53,0.25841948617964317,1.6727005542198715e-39
36,20260826,497778,248889,248889,0.3145980738401456,1.882222988460465e-58,0.3145980738401469,1.4766733356480163e-58,0.278037293805249,2.3975449691665348e-46
37,20260826,497790,248895,248895,0.3294561963880351,6.564680511381059e-65,0.3294561963880339,5.015748438785896e-65,0.2903935568623871,5.856174791278846e-51
38,20260826,497776,248888,248888,0.31299218925781874,8.826739322798852e-58,0.3129921892578119,6.970416265302315e-58,0.2749249676520668,2.4964902214452773e-45
39,20260826,497798,248899,248899,0.30413943004993993,3.510989376694189e-54,0.30413943004994076,2.809052526920721e-54,0.2615872396249433,9.634861106417584e-41
40,20260826,497792,248896,248896,0.31057148367189513,8.766600112813418e-57,0.3105714836719022,6.923649174194149e-57,0.269443522840544,2.504887577320118e-43
41,20260826,497784,248892,248892,0.3053533259405686,1.1577245065022006e-54,0.30535332594057163,9.356893003621087e-55,0.2654615256725585,5.224696706876345e-42
42,20260826,497778,248889,248889,0.31299093170047687,8.826761232460351e-58,0.3129909317004664,6.997370572953398e-58,0.27355195277166505,1.0974647077024353e-44
43,20260826,497776,248888,248888,0.3053582334222622,1.1577135625002189e-54,0.3053582334222552,9.260785695448208e-55,0.2651028854060501,1.1990501227416108e-41
44,20260826,497778,248889,248889,0.3029462933275476,1.05781982022389e-53,0.3029462933275558,8.437908498808026e-54,0.25999445477389355,4.263595877706439e-40
45,20260826,497780,248890,248890,0.30696291534412795,2.6107641847502975e-55,0.3069629153441319,2.061006125321115e-55,0.26786463380875963,9.545837387419369e-43
46,20260826,497790,248895,248895,0.30856385222684257,5.819303565837176e-56,0.30856385222683497,4.562909233327409e-56,0.268570945399844,5.710030728915872e-43
47,20260826,497762,248881,248881,0.30335782964549324,7.329134388184116e-54,0.3033578296454845,5.860824212799498e-54,0.26577631671217805,4.7050211120987566e-42
48,20260826,497774,248887,248887,0.2969218962822486,2.3843467634398978e-51,0.29692189628225163,1.9250021045325734e-51,0.25551827893985446,1.619742690137084e-38
49,20260826,497796,248898,248898,0.3033371099807953,7.329425009508459e-54,0.30333710998079016,5.880540477111869e-54,0.26184550647649096,1.5037978877347991e-40
50,20260826,497776,248888,248888,0.3017421490791038,3.1665683991724387e-53,0.3017421490790991,2.5556857962665985e-53,0.26263595445468896,6.166243739486634e-41
51,20260826,497778,248889,248889,0.30977664742113953,1.8732602336411018e-56,0.3097766474211377,1.493188677018609e-56,0.2694032581074204,3.1653034388764623e-43
52,20260826,497788,248894,248894,0.322225525725811,1.0362961525294508e-61,0.3222255257258127,8.044420463896125e-62,0.2840307814176653,1.0796812667449411e-48
53,20260826,497774,248887,248887,0.3154041794067187,8.652852127604003e-59,0.3154041794067109,6.789100739161264e-59,0.2749488004150821,2.7446768795874783e-45
54,20260826,497782,248891,248891,0.3065598997151363,3.792726578910807e-55,0.30655989971512737,3.029900921984269e-55,0.26837775531129526,5.191949564289838e-43
55,20260826,497778,248889,248889,0.31781235811948294,8.256865866454581e-60,0.31781235811947933,6.40257259234202e-60,0.27929758709014063,5.4720699708753e-47
56,20260826,497770,248885,248885,0.3262550977359021,1.786931924899885e-63,0.32625509773590733,1.3707774869914164e-63,0.28879923708544514,1.392081971746261e-50
57,20260826,497790,248895,248895,0.3025372144880371,1.52565370908397e-53,0.30253721448803933,1.211626837456482e-53,0.2614695597592658,1.3364511718030583e-40
58,20260826,497792,248896,248896,0.31338390331704813,6.004978439489201e-58,0.3133839033170483,4.7354936587406786e-58,0.2726433622536318,1.9143678021231732e-44
59,20260826,497784,248892,248892,0.30414798386448744,3.510931752656377e-54,0.30414798386448594,2.815754879404826e-54,0.2625968751151344,8.064591926317067e-41
60,20260826,497780,248890,248890,0.3166057294387079,2.6819972638047273e-59,0.31660572943870935,2.070600747855779e-59,0.27673317527977703,7.424826849600243e-46
61,20260826,497782,248891,248891,0.29852425358892043,5.7111331238826436e-52,0.2985242535889083,4.649245571854163e-52,0.256252201278582,7.454547897871065e-39
62,20260826,497792,248896,248896,0.31137503214193885,4.0904946501038525e-57,0.3113750321419332,3.2468678601103145e-57,0.27091243383919744,9.298069449445725e-44
63,20260826,497788,248894,248894,0.29731532298890295,1.6698395023337968e-51,0.29731532298889507,1.350243293639019e-51,0.2600115456657072,4.1826759055916714e-40
64,20260826,497790,248895,248895,0.2920910424074408,1.6216908088995065e-49,0.29209104240744227,1.33156627491456e-49,0.2500916723791788,7.060514264106952e-37
65,20260826,497772,248886,248886,0.3049588968443384,1.6769469787143896e-54,0.30495889684434074,1.3429341481962442e-54,0.26549585539283105,5.3226435194814825e-42
66,20260826,497788,248894,248894,0.3057526497223718,7.986784800954772e-55,0.30575264972236854,6.295335929772971e-55,0.2662564664932335,3.4275326700693665e-42
67,20260826,497788,248894,248894,0.3073597595763659,1.7958592885504523e-55,0.30735975957637585,1.4316128868755614e-55,0.26803442893125445,9.535278169539333e-43
68,20260826,497764,248882,248882,0.3101871569659517,1.2819274811995174e-56,0.31018715696595406,1.0156046163145689e-56,0.266392355736105,3.236137190606986e-42
69,20260826,497778,248889,248889,0.29450879709428696,1.9913583429624612e-50,0.2945087970942928,1.6275083434029177e-50,0.2497230479004497,1.5687859989901687e-36
70,20260826,497796,248898,248898,0.3113725301127369,4.0905147487779935e-57,0.31137253011273724,3.196744156153882e-57,0.27524027172379073,2.4201130361461318e-45
71,20260826,497788,248894,248894,0.32102019333531545,3.4513914062660364e-61,0.3210201933353151,2.6561506943893148e-61,0.2800366996804392,2.9738040561746e-47
72,20260826,497798,248899,248899,0.3081571239739814,8.47865602887923e-56,0.30815712397398104,6.743785853229243e-56,0.2696788515070954,2.5256017747491786e-43
73,20260826,497768,248884,248884,0.29009498400861444,9.133797578391692e-49,0.29009498400860256,7.586245040566419e-49,0.24555525679018794,2.0085905893427662e-35
74,20260826,497786,248893,248893,0.2949058430731278,1.4005133361159263e-50,0.2949058430731275,1.1461872255317648e-50,0.25457307639396215,2.742507735648759e-38
75,20260826,497784,248892,248892,0.2916927824116484,2.2946005059971674e-49,0.2916927824116493,1.8812638084866493e-49,0.24927756478888596,1.5277655887419073e-36
76,20260826,497794,248897,248897,0.31217732636391765,1.9029931703023038e-57,0.3121773263639145,1.482319726387485e-57,0.2729647982742627,1.920965545948644e-44
77,20260826,497788,248894,248894,0.31137753421135106,4.090474551204067e-57,0.31137753421134956,3.1974537492291586e-57,0.2719138035353911,2.432307511082743e-44
78,20260826,497788,248894,248894,0.3170024187003303,1.8123513443801567e-59,0.317002418700334,1.4080093667520195e-59,0.27607806172247684,1.677326286659169e-45
79,20260826,497790,248895,248895,0.30776030052833525,1.2344025583826433e-55,0.3077603005283418,9.7779055638469e-56,0.2687830432569446,5.602249852296006e-43
80,20260826,497792,248896,248896,0.2876703522756493,7.105326053272441e-48,0.2876703522756528,5.838575025701065e-48,0.24786308193477974,5.023794348131148e-36
81,20260826,497784,248892,248892,0.30013017694421673,1.35250139432513e-52,0.30013017694422084,1.0941034019382838e-52,0.2619085231186536,1.1202210054307986e-40
82,20260826,497780,248890,248890,0.3137932419944554,4.082106800580965e-58,0.31379324199444963,3.23021685390438e-58,0.2761186382295731,9.238919736368574e-46
83,20260826,497786,248893,248893,0.3145930178831867,1.88224186755832e-58,0.31459301788318306,1.4640859854097853e-58,0.2744430484273085,4.9638862454931055e-45
84,20260826,497776,248888,248888,0.31419755070553823,2.7729245886588084e-58,0.3141975507055393,2.166326152559966e-58,0.2757894846598564,1.3907753540929086e-45
85,20260826,497786,248893,248893,0.320217924971775,7.667918016827719e-61,0.32021792497177476,5.9685458938496356e-61,0.2787822668711505,1.2966898585679962e-46
86,20260826,497796,248898,248898,0.30213179696100406,2.198795786668433e-53,0.3021317969610091,1.7625757004555072e-53,0.26361338552419156,2.475533415225864e-41
87,20260826,497782,248891,248891,0.2953099951384341,9.842702877862768e-51,0.29530999513843387,7.987681649238915e-51,0.25651562395230826,6.032515159489285e-39
88,20260826,497752,248876,248876,0.29572960028287176,6.912316719862704e-51,0.29572960028287054,5.61065782881245e-51,0.25689255649930665,5.858330181493972e-39
89,20260826,497796,248898,248898,0.3210150342710668,3.45142744365145e-61,0.3210150342710611,2.668039957933166e-61,0.28097170316144704,1.931670972040117e-47
90,20260826,497780,248890,248890,0.30334686005866046,7.329288250065881e-54,0.30334686005865613,5.898960989939433e-54,0.2630708085961161,3.936367849159329e-41
91,20260826,497804,248902,248902,0.30293047062699374,1.0578518101952068e-53,0.3029304706269868,8.499084755818013e-54,0.2631331762083876,6.501083301266392e-41
92,20260826,497784,248892,248892,0.29771949279205434,1.1685950534801878e-51,0.2977194927920573,9.41387128318842e-52,0.25525416508401366,1.460301760108565e-38
93,20260826,497800,248900,248900,0.2924869425472077,1.1453246485253915e-49,0.29248694254720803,9.270620321209713e-50,0.2522976664301988,2.2107609325270207e-37
94,20260826,497786,248893,248893,0.29972719200620346,1.9408816788691793e-52,0.29972719200620657,1.5593262157723896e-52,0.25944311275087806,8.612555409983304e-40
95,20260826,497770,248885,248885,0.30134399421419533,4.557098213987412e-53,0.30134399421419855,3.655872733651452e-53,0.25687985632276533,4.484949130630165e-39
96,20260826,497774,248887,248887,0.32745784231398184,5.206631263671164e-64,0.32745784231398073,3.989528487874588e-64,0.2907011031271877,4.353048117728278e-51
97,20260826,497762,248881,248881,0.31340279089203277,6.0047542903734994e-58,0.3134027908920363,4.6845600167054976e-58,0.2740324181846163,5.887104706033779e-45
98,20260826,497796,248898,248898,0.30213179696100406,2.198795786668433e-53,0.3021317969609937,1.7555518377649031e-53,0.2627595281915994,5.433254239069322e-41
99,20260826,497772,248886,248886,0.3093785910015027,2.735285996735942e-56,0.30937859100150567,2.127571800690804e-56,0.26944359256503436,3.1403861380730654e-43
100,20260826,497780,248890,248890,0.298123669090763,8.172326482218004e-52,0.29812366909076926,6.553518634519615e-52,0.2570460965610587,3.554728442258144e-39
